game_id,platform_id
1198490,1
1198490,2
1198510,1
1198550,1
1198600,1
1198630,1
1198630,2
1198630,3
1198700,1
1198730,1
1198730,2
1198730,3
1198740,1
1198810,1
1198820,1
1198210,1
1198220,1
1198240,1
1198270,1
1198290,1
1198310,1
1198340,1
1198380,1
1198390,1
1198400,1
1198400,2
1198440,1
1198450,1
1198450,2
1198450,3
1197990,1
1198020,1
1198040,1
1198040,2
1198050,1
1198060,1
1198070,1
1198080,1
1198090,1
1198110,1
1197520,1
1197520,2
1197530,1
1197550,1
1197570,1
1197590,1
1197670,1
1197700,1
1197710,1
1197770,1
1197820,1
1197840,1
1197010,1
1197020,1
1197030,1
1197060,1
1197060,2
1197100,1
1197110,1
1197150,1
1197210,1
1197230,1
1197230,2
1197230,3
1197340,1
1197350,1
1197360,1
1197360,2
1197360,3
1197370,1
1197380,1
1197390,1
1197390,2
1197500,1
1196750,1
1196800,1
1196800,2
1196800,3
1196890,1
1196940,1
1196970,1
1196260,1
1196280,1
1196280,2
1196280,3
1196350,1
1196350,2
1196380,1
1196390,1
1196400,1
1196440,1
1196450,1
1196500,1
1196520,1
1196550,1
1196550,2
1196550,3
1196570,1
1196580,1
1196630,1
1196630,2
1196690,1
1196690,2
1195910,1
1195920,1
1195980,1
1196080,1
1196130,1
1196130,2
1196160,1
1196170,1
1196190,1
1195530,1
1195550,1
1195560,1
1195570,1
1195620,1
1195710,1
1195870,1
1195230,1
1195270,1
1195320,1
1195320,2
1195320,3
1195350,1
1195360,1
1195410,1
1195430,1
1195460,1
1194910,1
1194940,1
1195020,1
1195090,1
1195140,1
1195140,2
1195140,3
1195170,1
1194480,1
1194480,2
1194480,3
1194590,1
1194600,1
1194610,1
1194630,1
1194650,1
1194670,1
1194680,1
1194690,1
1194700,1
1194720,1
1194790,1
1194830,1
1194840,1
1194840,2
1193990,1
1194050,1
1194100,1
1194140,1
1194160,1
1194160,3
1194170,1
1194170,2
1194170,3
1194220,1
1194380,1
1194390,1
1193660,1
1193730,1
1193780,1
1193790,1
1193790,2
1193790,3
1193830,1
1193930,1
1193930,2
1193950,1
1193110,1
1193160,1
1193200,1
1193210,1
1193300,1
1193330,1
1193330,2
1193330,3
1193340,1
1193420,1
1193420,3
1193450,1
1193460,1
1193460,3
1193490,1
1193520,1
1193560,1
1192580,1
1192610,1
1192640,1
1192640,3
1192730,1
1192730,3
1192740,1
1192840,1
1192860,1
1192880,1
1192890,1
1192910,1
1192910,2
1192070,1
1192160,1
1192160,3
1192260,1
1192270,1
1192310,1
1192390,1
1192410,1
1192420,1
1192500,1
1191580,1
1191580,2
1191590,1
1191610,1
1191790,1
1191820,1
1191860,1
1191900,1
1191900,2
1191940,1
1191940,2
1192060,1
1191190,1
1191210,1
1191280,1
1191280,2
1191440,1
1191500,1
1191510,1
1190620,1
1190640,1
1190750,1
1190760,1
1190760,2
1190780,1
1190810,1
1190820,1
1190910,1
1190930,1
1190980,1
1191070,1
1191100,1
1191100,2
1190160,1
1190160,2
1190160,3
1190180,1
1190310,1
1190380,1
1190380,2
1190380,3
1190400,1
1190410,1
1190460,1
1190480,1
1190560,1
1189740,1
1189750,1
1189780,1
1189800,1
1190060,1
1190110,1
1190120,1
1189230,1
1189360,1
1189380,1
1189440,1
1189460,1
1189520,1
1189630,1
1189650,1
1188760,1
1188800,1
1188800,2
1188800,3
1188970,1
1188990,1
1189020,1
1189040,1
1189050,1
1189080,1
1189120,1
1189120,3
1189200,1
1189210,1
1188430,1
1188540,1
1188580,1
1188580,2
1188580,3
1188670,1
1188680,1
1188680,2
1188690,1
1188710,1
1188000,1
1188000,3
1188060,1
1188080,1
1188080,2
1188080,3
1188140,1
1188160,1
1188250,1
1188260,1
1188260,3
1188280,1
1188290,1
1188310,1
1188330,1
1188330,2
1187600,1
1187600,2
1187600,3
1187620,1
1187620,2
1187650,1
1187650,2
1187740,1
1187790,1
1187830,1
1187840,1
1187900,1
1187940,1
1187950,1
1187330,1
1187420,1
1187430,1
1187490,1
1187510,1
1186880,1
1186880,2
1186940,1
1187030,1
1187030,2
1187030,3
1187110,1
1187140,1
1187190,1
1187250,1
1187250,3
1186400,1
1186460,1
1186510,1
1186530,1
1186530,2
1186570,1
1186580,1
1186630,1
1186640,1
1186650,1
1186690,1
1186690,2
1186720,1
1186730,1
1186740,1
1186740,2
1186740,3
1186770,1
1186100,1
1186160,1
1186220,1
1186260,1
1186270,1
1186280,1
1186290,1
1186310,1
1186340,1
1186350,1
1185600,1
1185600,2
1185620,1
1185620,2
1185630,1
1185660,1
1185700,1
1185730,1
1185740,1
1185820,1
1185870,1
1185950,1
1185950,2
1185960,1
1185960,2
1186030,1
1186040,1
1185330,1
1185330,2
1185360,1
1185390,1
1185410,1
1185470,1
1185480,1
1185520,1
1185560,1
1184960,1
1184980,1
1184990,1
1185000,1
1185000,2
1185140,1
1185160,1
1185270,1
1185280,1
1184450,1
1184470,1
1184500,1
1184550,1
1184570,1
1184700,1
1184720,1
1184770,1
1184780,1
1184820,1
1184820,2
1184840,1
1184880,1
1184890,1
1184900,1
1184900,2
1184900,3
1184040,1
1184050,1
1184070,1
1184090,1
1184160,1
1184160,2
1184160,3
1184190,1
1184230,1
1184260,1
1184310,1
1184310,2
1184400,1
1184400,2
1184420,1
1184420,2
1183470,1
1183480,1
1183500,1
1183510,1
1183580,1
1183670,1
1183720,1
1183840,1
1183840,3
1183030,1
1183080,1
1183140,1
1183140,3
1183170,1
1183170,2
1183170,3
1183200,1
1183200,2
1183210,1
1183230,1
1183230,2
1183230,3
1183240,1
1183260,1
1183280,1
1183280,2
1183280,3
1183300,1
1183300,2
1183300,3
1183410,1
1183420,1
1182670,1
1182690,1
1182720,1
1182760,1
1182770,1
1182830,1
1182830,2
1182830,3
1182890,1
1182920,1
1182920,2
1182970,1
1182280,1
1182470,1
1182470,2
1181790,1
1181790,2
1181820,1
1181840,1
1181840,2
1181840,3
1181880,1
1181910,1
1182020,1
1182020,2
1182090,1
1182090,2
1182110,1
1182200,1
1181330,1
1181400,1
1181400,2
1181440,1
1181470,1
1181470,3
1181510,1
1181520,1
1181570,1
1181570,2
1181600,1
1181600,2
1181600,3
1181750,1
1180820,1
1180900,1
1180900,2
1180940,1
1180960,1
1180970,1
1181000,1
1181020,1
1181030,1
1181030,2
1181030,3
1181070,1
1181120,1
1181130,1
1181220,1
1181270,1
1181280,1
1181290,1
1181290,3
1180370,1
1180420,1
1180450,1
1180450,3
1180540,1
1180540,2
1180550,1
1180560,1
1180610,1
1180620,1
1180650,1
1180690,1
1180690,2
1180700,1
1179880,1
1180000,1
1180070,1
1180110,1
1180190,1
1180250,1
1180250,2
1180270,1
1180330,1
1179540,1
1179560,1
1179570,1
1179620,1
1179620,2
1179790,1
1179840,1
1179170,1
1179190,1
1179210,1
1179300,1
1179300,2
1179340,1
1179390,1
1179410,1
1179410,2
1179420,1
1179460,1
1179500,1
1178880,1
1179060,1
1178380,1
1178400,1
1178430,1
1178460,1
1178480,1
1178500,1
1178510,1
1178570,1
1178680,1
1178690,1
1178710,1
1178780,1
1178790,1
1177890,1
1177950,1
1177990,1
1177990,2
1178000,1
1178020,1
1178060,1
1178120,1
1178140,1
1178150,1
1178180,1
1178200,1
1178210,1
1178220,1
1178280,1
1178290,1
1178290,2
1178290,3
1178310,1
1178330,1
1177660,1
1177690,1
1177720,1
1177810,1
1177850,1
1177350,1
1177400,1
1177420,1
1177420,2
1177460,1
1177510,1
1177610,1
1176970,1
1176990,1
1177000,1
1177020,1
1177030,1
1177080,1
1177110,1
1177130,1
1177130,2
1177130,3
1177170,1
1176850,1
1176890,1
1176440,1
1176460,1
1176480,1
1176580,1
1176590,1
1176360,1
1175900,1
1175930,1
1175950,1
1175980,1
1175980,2
1176040,1
1176050,1
1176160,1
1176170,1
1176190,1
1175470,1
1175480,1
1175490,1
1175490,2
1175500,1
1175510,1
1175550,1
1175590,1
1175640,1
1175640,3
1175650,1
1175720,1
1175830,1
1175880,1
1174980,1
1174990,1
1175060,1
1175070,1
1175080,1
1175140,1
1175140,3
1175160,1
1175170,1
1175190,1
1175200,1
1175250,1
1175360,1
1175390,1
1175420,1
1175430,1
1175430,2
1175430,3
1174670,1
1174670,2
1174690,1
1174720,1
1174780,1
1174810,1
1174830,1
1174830,2
1174830,3
1174860,1
1174890,1
1174890,2
1174170,1
1174170,2
1174170,3
1174260,1
1174320,1
1174320,2
1174390,1
1174400,1
1174420,1
1174420,2
1174430,1
1174430,3
1174440,1
1174490,1
1174490,3
1174500,1
1174500,2
1174500,3
1174550,1
1173870,1
1173940,1
1174090,1
1174120,1
1173500,1
1173510,1
1173610,1
1173630,1
1173650,1
1173700,1
1173730,1
1173790,1
1173830,1
1173850,1
1173110,1
1173120,1
1173150,1
1173200,1
1173230,1
1173230,2
1173240,1
1173240,2
1173250,1
1173260,1
1173270,1
1173270,3
1173310,1
1173340,1
1173340,2
1173340,3
1173350,1
1173370,1
1173380,1
1173410,1
1172620,1
1172640,1
1172720,1
1172760,1
1172760,2
1172940,1
1173010,1
1173010,2
1173010,3
1172080,1
1172150,1
1172170,1
1172220,1
1172290,1
1172340,1
1172380,1
1172390,1
1172410,1
1172430,1
1172480,1
1172480,2
1172500,1
1172500,2
1172510,1
1172510,2
1172520,1
1172520,2
1172530,1
1172530,2
1171620,1
1171620,2
1171640,1
1171640,2
1171660,1
1171770,1
1171820,1
1171820,2
1171820,3
1171840,1
1171840,2
1171840,3
1171870,1
1171880,1
1171950,1
1172000,1
1172000,2
1172000,3
1172050,1
1172060,1
1171240,1
1171260,1
1171260,2
1171270,1
1171310,1
1171350,1
1171370,1
1171440,1
1171560,1
1171570,1
1171570,2
1170830,1
1170840,1
1170960,1
1170980,1
1171030,1
1171070,1
1171080,1
1171120,1
1171130,1
1171160,1
1171160,2
1171160,3
1170610,1
1170630,1
1170760,1
1170400,1
1169920,1
1169920,3
1170050,1
1170060,1
1170110,1
1170120,1
1170160,1
1170170,1
1170180,1
1170180,2
1170190,1
1170210,1
1170290,1
1170300,1
1170300,2
1170300,3
1170320,1
1170330,1
1170330,3
1170340,1
1170340,2
1170340,3
1170350,1
1169510,1
1169690,1
1169740,1
1169740,2
1169740,3
1169770,1
1169880,1
1169020,1
1169030,1
1169040,1
1169050,1
1169060,1
1169070,1
1169100,1
1169100,2
1169160,1
1169310,1
1169420,1
1169430,1
1168600,1
1168630,1
1168630,2
1168630,3
1168650,1
1168820,1
1168830,1
1168850,1
1168870,1
1168870,3
1168880,1
1168880,2
1168880,3
1168940,1
1168960,1
1168970,1
1168980,1
1168990,1
1168290,1
1168320,1
1168360,1
1168420,1
1168420,2
1168470,1
1168470,2
1167760,1
1167770,1
1167800,1
1167800,2
1167850,1
1167850,2
1167950,1
1167970,1
1168050,1
1168060,1
1168070,1
1168170,1
1167320,1
1167380,1
1167450,1
1167460,1
1167470,1
1167470,2
1167470,3
1167530,1
1167540,1
1167550,1
1167630,1
1167640,1
1167640,2
1167640,3
1167650,1
1167710,1
1167710,2
1166860,1
1166860,2
1166980,1
1166980,2
1167090,1
1167170,1
1167170,2
1167170,3
1167270,1
1166490,1
1166510,1
1166580,1
1166600,1
1166600,2
1166600,3
1166730,1
1166730,3
1166740,1
1166760,1
1166800,1
1166800,2
1166800,3
1166840,1
1166840,2
1166840,3
1166110,1
1166110,2
1166110,3
1166120,1
1166130,1
1166230,1
1166230,2
1166240,1
1166250,1
1166290,1
1166290,2
1166290,3
1166320,1
1166320,2
1166350,1
1166350,2
1165740,1
1165740,2
1165750,1
1165820,1
1165820,2
1165830,1
1165840,1
1165860,1
1165870,1
1165910,1
1165960,1
1166000,1
1166100,1
1165140,1
1165180,1
1165270,1
1165280,1
1165280,3
1165350,1
1165380,1
1165400,1
1165420,1
1165420,2
1165460,1
1165490,1
1165540,1
1165590,1
1164660,1
1164690,1
1164740,1
1164740,3
1164750,1
1164910,1
1164930,1
1164970,1
1164990,1
1165020,1
1165020,2
1165020,3
1165090,1
1165100,1
1164290,1
1164310,1
1164330,1
1164440,1
1164470,1
1164470,2
1164520,1
1164550,1
1163730,1
1163910,1
1163950,1
1163960,1
1163980,1
1163990,1
1164000,1
1164010,1
1164050,1
1164050,2
1164060,1
1163290,1
1163300,1
1163300,2
1163320,1
1163340,1
1163340,2
1163460,1
1163470,1
1163490,1
1163500,1
1163550,1
1163560,1
1163570,1
1163570,2
1163590,1
1163600,1
1163620,1
1163660,1
1162880,1
1162900,1
1162920,1
1162950,1
1162950,2
1162950,3
1162960,1
1162960,2
1162960,3
1163040,1
1163090,1
1163140,1
1163150,1
1163170,1
1162520,1
1162520,2
1162560,1
1162560,2
1162590,1
1162630,1
1162630,2
1162640,1
1162640,2
1162650,1
1162670,1
1162670,2
1162680,1
1162690,1
1162690,3
1162730,1
1162750,1
1162750,2
1162750,3
1162760,1
1162170,1
1162280,1
1162290,1
1162320,1
1162350,1
1162370,1
1162430,1
1162430,2
1162430,3
1162440,1
1162470,1
1162470,2
1162480,1
1161660,1
1161670,1
1161680,1
1161870,1
1161880,1
1161880,2
1161880,3
1161900,1
1161910,1
1161910,3
1161930,1
1162010,1
1162050,1
1162070,1
1162130,1
1161270,1
1161300,1
1161320,1
1161330,1
1161330,2
1161330,3
1161360,1
1161430,1
1161490,1
1161510,1
1161570,1
1161650,1
1161650,2
1161650,3
1160700,1
1160780,1
1160790,1
1160800,1
1160820,1
1160820,2
1160850,1
1160870,1
1160880,1
1160900,1
1160950,1
1160950,2
1160950,3
1160980,1
1160980,3
1161120,1
1161180,1
1161190,1
1160410,1
1160440,1
1160440,2
1160480,1
1160500,1
1160580,1
1160610,1
1160620,1
1160670,1
1160100,1
1160190,1
1160330,1
1160360,1
1159640,1
1159680,1
1159700,1
1159770,1
1159890,1
1159940,1
1160020,1
1160040,1
1160040,2
1160040,3
1160050,1
1159360,1
1159450,1
1159480,1
1159500,1
1159500,2
1159500,3
1159520,1
1159520,3
1159540,1
1159590,1
1159610,1
1158820,1
1158830,1
1158840,1
1158840,2
1158850,1
1158910,1
1158970,1
1159020,1
1159260,1
1158310,1
1158310,2
1158310,3
1158320,1
1158390,1
1158410,1
1158430,1
1158430,2
1158430,3
1158470,1
1158470,3
1158650,1
1158690,1
1158720,1
1157850,1
1157850,3
1157860,1
1157860,3
1157890,1
1157910,1
1157940,1
1157980,1
1158010,1
1158150,1
1158230,1
1158260,1
1158280,1
1158290,1
1158290,2
1157620,1
1157620,2
1157620,3
1157640,1
1157640,2
1157640,3
1157650,1
1157670,1
1157750,1
1157780,1
1157810,1
1157820,1
1156910,1
1156980,1
1156980,2
1156980,3
1157010,1
1157040,1
1157080,1
1157120,1
1157220,1
1157220,3
1157260,1
1157300,1
1157320,1
1157340,1
1156420,1
1156550,1
1156550,3
1156590,1
1156630,1
1156630,2
1156630,3
1156640,1
1156640,3
1156650,1
1156670,1
1156670,3
1156680,1
1156730,1
1156780,1
1156810,1
1156900,1
1155930,1
1155940,1
1155950,1
1155960,1
1155980,1
1155990,1
1156000,1
1156000,2
1156030,1
1156050,1
1156120,1
1156120,3
1156130,1
1156130,2
1156200,1
1156250,1
1156360,1
1155460,1
1155460,2
1155480,1
1155490,1
1155490,2
1155500,1
1155560,1
1155620,1
1155660,1
1155670,1
1155680,1
1155720,1
1155720,2
1155720,3
1155790,1
1155800,1
1155810,1
1155830,1
1155880,1
1155880,2
1155910,1
1155910,2
1155920,1
1154990,1
1155090,1
1155130,1
1155230,1
1155290,1
1155340,1
1155410,1
1155410,3
1155420,1
1154560,1
1154560,2
1154640,1
1154650,1
1154680,1
1154700,1
1154730,1
1154790,1
1154810,1
1154840,1
1154850,1
1154940,1
1154940,2
1154080,1
1154080,2
1154110,1
1154110,2
1154110,3
1154160,1
1154210,1
1154290,1
1154300,1
1154300,3
1154340,1
1154480,1
1154490,1
1153550,1
1153570,1
1153670,1
1153690,1
1153700,1
1153730,1
1153840,1
1153850,1
1153850,2
1153860,1
1153890,1
1153930,1
1153980,1
1153980,2
1153990,1
1154010,1
1153200,1
1153220,1
1153250,1
1153260,1
1153330,1
1153370,1
1153370,2
1153430,1
1153460,1
1153470,1
1152670,1
1152800,1
1152810,1
1152820,1
1152830,1
1152840,1
1152900,1
1152920,1
1152950,1
1153040,1
1153040,2
1153040,3
1153070,1
1153100,1
1153110,1
1152160,1
1152300,1
1152310,1
1152320,1
1152360,1
1152420,1
1152440,1
1152450,1
1152450,2
1152450,3
1152480,1
1152540,1
1152580,1
1152580,2
1152640,1
1151770,1
1151840,1
1151930,1
1151940,1
1152020,1
1152040,1
1152050,1
1152050,2
1152050,3
1152090,1
1152120,1
1151310,1
1151400,1
1151400,2
1151430,1
1151430,2
1151440,1
1151450,1
1151500,1
1151580,1
1151600,1
1151620,1
1151630,1
1151650,1
1151670,1
1151680,1
1151740,1
1151750,1
1150790,1
1150800,1
1150810,1
1150890,1
1150950,1
1150950,2
1151080,1
1151080,2
1151080,3
1151120,1
1151160,1
1151180,1
1151180,2
1151180,3
1151200,1
1151250,1
1150270,1
1150310,1
1150400,1
1150400,2
1150460,1
1150500,1
1150500,2
1150500,3
1150540,1
1150550,1
1150580,1
1150590,1
1150610,1
1150620,1
1150720,1
1150730,1
1150730,2
1150730,3
1149930,1
1150070,1
1150070,2
1150070,3
1150090,1
1150090,2
1150090,3
1150130,1
1150160,1
1149440,1
1149510,1
1149550,1
1149580,1
1149580,2
1149580,3
1149590,1
1149660,1
1149690,1
1149690,2
1149690,3
1149700,1
1149710,1
1149860,1
1149860,2
1149860,3
1149080,1
1149090,1
1149120,1
1149190,1
1149200,1
1149200,3
1149210,1
1149220,1
1149370,1
1148550,1
1148550,2
1148590,1
1148620,1
1148650,1
1148670,1
1148670,3
1148680,1
1148680,3
1148710,1
1148730,1
1148730,2
1148730,3
1148740,1
1148750,1
1148750,3
1148770,1
1148770,2
1148890,1
1148910,1
1148920,1
1148930,1
1148940,1
1148960,1
1148980,1
1148080,1
1148080,2
1148090,1
1148090,2
1148150,1
1148150,2
1148260,1
1148260,2
1148270,1
1148270,3
1148290,1
1148290,2
1148290,3
1148320,1
1148360,1
1148430,1
1148450,1
1148450,2
1148460,1
1148470,1
1148480,1
1148500,1
1148500,3
1148510,1
1148510,2
1148530,1
1148530,2
1148540,1
1148540,2
1147710,1
1147760,1
1147760,3
1147840,1
1147850,1
1147940,1
1147940,2
1147940,3
1147960,1
1147970,1
1147980,1
1148000,1
1148010,1
1147370,1
706200,1
706240,1
706240,2
706280,1
706320,1
706330,1
706350,1
706370,1
706380,1
706390,1
706440,1
706490,1
706520,1
706560,1
706560,2
706570,1
705700,1
705710,1
705710,2
705710,3
705750,1
705750,2
705750,3
705770,1
705780,1
705780,2
705800,1
705800,3
705870,1
705920,1
705930,1
706010,1
706020,1
706030,1
706130,1
706130,2
705210,1
705210,3
705230,1
705240,1
705250,1
705250,2
705250,3
705260,1
705280,1
705290,1
705300,1
705300,2
705300,3
705340,1
705380,1
705390,1
705440,1
705450,1
705500,1
705500,2
705500,3
706510,1
706510,2
706510,3
1197280,1
1196320,1
1190840,1
1188100,1
1184480,1
1179220,1
1176560,1
1174900,1
1170750,1
1170750,3
1166780,1
1165610,1
1165610,2
1165920,1
1165920,2
1165920,3
1164410,1
1164410,3
1161440,1
1160490,1
1154720,1
1153540,1
1152890,1
506030,1
506090,1
506090,2
506090,3
506140,1
506150,1
506150,2
506150,3
506160,1
506260,1
506470,1
506470,2
506470,3
506500,1
506500,2
506500,3
506510,1
506510,2
506510,3
505550,1
505630,1
505630,2
505640,1
505640,2
505660,1
505680,1
505700,1
505730,1
505730,2
505730,3
505750,1
505750,2
505070,1
505080,1
505090,1
505110,1
505120,1
505140,1
505170,1
505210,1
505210,2
505210,3
505220,1
505270,1
505270,2
505270,3
505290,1
505290,2
505290,3
505330,1
505330,2
505400,1
505400,2
504620,1
504630,1
504660,1
504660,2
504670,1
504690,1
504690,2
504690,3
504700,1
504700,2
504700,3
504710,1
504750,1
504750,2
504750,3
504770,1
504790,1
504790,2
504790,3
504800,1
504800,2
504810,1
504840,1
504850,1
504850,2
504880,1
504920,1
504920,2
504920,3
504980,1
505020,1
505060,1
505060,2
504100,1
504110,1
504130,1
504130,2
504130,3
504210,1
504210,2
504210,3
504230,1
504230,2
504230,3
504240,1
504260,1
504280,1
504310,1
504310,2
504370,1
504380,1
504390,1
504390,2
504390,3
504400,1
504400,2
504410,1
504410,2
504410,3
504420,1
504450,1
504460,1
504470,1
504490,1
504490,2
504490,3
504500,1
504500,2
504500,3
504560,1
504560,2
504560,3
503620,1
503630,1
503650,1
503680,1
503690,1
503700,1
503710,1
503710,2
503730,1
503750,1
503750,2
503750,3
503770,1
503780,1
503780,2
503820,1
503830,1
503860,1
503860,2
503860,3
503900,1
503940,1
503940,3
503950,1
503960,1
503980,1
503980,2
503980,3
504000,1
504000,2
504000,3
504010,1
504050,1
504050,2
504050,3
504090,1
503090,1
503100,1
503130,1
503140,1
503150,1
503150,2
503150,3
503180,1
503210,1
503210,2
503280,1
503290,1
503300,1
503300,2
503340,1
503350,1
503350,2
503350,3
503370,1
503390,1
503400,1
503410,1
503450,1
503460,1
503460,2
503460,3
503480,1
503550,1
503550,2
503550,3
503560,1
503560,2
503580,1
502600,1
502650,1
502700,1
502740,1
502750,1
502770,1
502780,1
502800,1
502810,1
502820,1
502880,1
502910,1
502920,1
502940,1
502990,1
503010,1
503050,1
503060,1
503070,1
503080,1
502090,1
502100,1
502140,1
502150,1
502200,1
502210,1
502210,2
502210,3
502230,1
502240,1
502240,2
502280,1
502300,1
502320,1
502320,2
502340,1
502370,1
502400,1
502400,2
502410,1
502420,1
502430,1
502440,1
502450,1
502460,1
502470,1
502480,1
502520,1
502520,2
502530,1
502540,1
502540,2
502550,1
502550,2
501740,1
501760,1
501840,1
501840,2
501840,3
501850,1
501850,2
501860,1
501860,3
501930,1
501940,1
501950,1
501970,1
501990,1
501180,1
501190,1
501190,2
501190,3
501220,1
501220,2
501220,3
501270,1
501270,2
501300,1
501310,1
501320,1
501320,2
501350,1
501410,1
501430,1
501440,1
501450,1
501480,1
501500,1
501530,1
501590,1
501610,1
500690,1
500690,3
500710,1
500710,2
500710,3
500750,1
500760,1
500790,1
500790,2
500790,3
500810,1
500870,1
500880,1
500920,1
500940,1
500980,1
501020,1
501030,1
501050,1
501060,1
501080,1
501090,1
501110,1
500260,1
500320,1
500320,2
500340,1
500350,1
500360,1
500420,1
500420,2
500420,3
500470,1
500480,1
500500,1
500550,1
500580,1
500590,1
500670,1
500670,2
500680,1
500110,1
500120,1
500140,1
500170,1
500180,1
500190,1
500220,1
499610,1
499620,1
499660,1
499760,1
499890,1
499900,1
499940,1
500090,1
499230,1
499330,1
499330,2
499330,3
499340,1
499340,2
499370,1
499400,1
499420,1
499440,1
499440,2
499440,3
499460,1
499510,1
499520,1
499540,1
498720,1
498720,2
498720,3
498740,1
498830,1
498850,1
498940,1
498940,2
498980,1
498990,1
499070,1
499100,1
499110,1
499120,1
499140,1
499140,2
499140,3
499210,1
498240,1
498280,1
498300,1
498310,1
498310,2
498310,3
498330,1
498330,2
498330,3
498340,1
498360,1
498370,1
498380,1
498450,1
498460,1
498500,1
498500,2
498500,3
498550,1
498570,1
498570,2
498580,1
498600,1
498620,1
498630,1
498660,1
498660,2
498680,1
498700,1
497850,1
497860,1
497880,1
497940,1
498000,1
498000,2
498000,3
498030,1
498040,1
498050,1
498190,1
497400,1
497400,2
497420,1
497440,1
497450,1
497460,1
497470,1
497480,1
497510,1
497510,2
497560,1
497580,1
497580,2
497580,3
497590,1
497590,3
497640,1
497670,1
497670,2
497670,3
497680,1
497680,2
497680,3
497700,1
497710,1
497710,2
497710,3
497720,1
497720,2
497720,3
497730,1
497730,2
497780,1
497780,2
497780,3
497790,1
497800,1
497800,2
497800,3
497820,1
496890,1
496890,2
496910,1
496930,1
496930,2
496930,3
496940,1
496950,1
496960,1
496980,1
496990,1
496990,2
497000,1
497020,1
497020,2
497020,3
497040,1
497050,1
497060,1
497080,1
497080,2
497080,3
497100,1
497150,1
497160,1
497180,1
497190,1
497190,3
497260,1
497270,1
497280,1
497300,1
497310,1
497360,1
496440,1
496440,2
496440,3
496460,1
496480,1
496490,1
496530,1
496530,2
496550,1
496550,2
496550,3
496590,1
496590,2
496590,3
496610,1
496620,1
496620,2
496630,1
496630,2
496630,3
496640,1
496650,1
496650,2
496650,3
496660,1
496670,1
496680,1
496680,2
496680,3
496690,1
496730,1
496740,1
496750,1
496760,1
496790,1
496810,1
496820,1
496820,2
496820,3
496850,1
496850,2
496850,3
496030,1
496070,1
496080,1
496120,1
496190,1
496230,1
496250,1
496260,1
496290,1
496290,2
496300,1
496300,2
496300,3
496310,1
496310,2
496320,1
496340,1
496340,2
496350,1
496360,1
496380,1
496390,1
496400,1
495540,1
495550,1
495560,1
495570,1
495570,2
495580,1
495580,2
495580,3
495600,1
495600,2
495600,3
495680,1
495680,2
495680,3
495700,1
495720,1
495730,1
495760,1
495760,2
495770,1
495780,1
495780,2
495820,1
495820,3
495830,1
495890,1
495900,1
495910,1
495960,1
495960,2
495990,1
496000,1
495050,1
495090,1
495090,2
495090,3
495110,1
495110,2
495110,3
495140,1
495200,1
495230,1
495280,1
495280,2
495280,3
495290,1
495300,1
495320,1
495390,1
495520,1
494580,1
494580,2
494600,1
494670,1
494670,2
494700,1
494720,1
494740,1
494780,1
494790,1
494810,1
494830,1
494850,1
494960,1
494970,1
494970,2
494980,1
494990,1
494990,2
494990,3
495010,1
495030,1
494160,1
494170,1
494220,1
494220,2
494230,1
494230,2
494290,1
494310,1
494350,1
494360,1
494370,1
494380,1
494430,1
494440,1
494450,1
494460,1
494470,1
494530,1
493670,1
493710,1
493710,2
493710,3
493720,1
493720,2
493720,3
493770,1
493770,2
493780,1
493790,1
493810,1
493820,1
493840,1
493900,1
493900,2
493900,3
493920,1
493980,1
494000,1
494000,2
494020,1
494040,1
494050,1
494050,2
494050,3
494090,1
494100,1
494120,1
493180,1
493200,1
493220,1
493290,1
493310,1
493320,1
493340,1
493340,2
493380,1
493410,1
493450,1
493490,1
493500,1
493540,1
493540,2
493540,3
493580,1
493620,1
493650,1
493000,1
493000,3
493040,1
493060,1
493060,2
493060,3
493080,1
493080,2
493100,1
493110,1
492710,1
492800,1
492800,2
492800,3
492850,1
492860,1
492870,1
492170,1
492180,1
492200,1
492200,2
492220,1
492220,2
492230,1
492270,1
492280,1
492280,2
492290,1
492340,1
492340,2
492340,3
492370,1
492370,2
492370,3
492400,1
492400,2
492410,1
492410,2
492430,1
492430,2
492490,1
492500,1
492530,1
492560,1
492600,1
492610,1
492610,2
491650,1
491660,1
491670,1
491700,1
491700,2
491710,1
491720,1
491770,1
491790,1
491800,1
491830,1
491950,1
491950,2
491950,3
492080,1
492080,2
492080,3
492090,1
492160,1
491280,1
491330,1
491330,2
491330,3
491350,1
491390,1
491420,1
491440,1
491470,1
491470,2
491510,1
491520,1
491530,1
491560,1
491560,2
491580,1
490820,1
490820,2
490820,3
490860,1
490870,1
490880,1
490890,1
490910,1
490910,2
490920,1
490930,1
490930,2
490930,3
490950,1
490950,2
490950,3
490980,1
490990,1
491000,1
491010,1
491010,3
491020,1
491040,1
491070,1
491070,2
491090,1
491090,2
491090,3
491100,1
491110,1
491110,2
491130,1
491160,1
491180,1
491210,1
491220,1
491220,2
491240,1
491260,1
490280,1
490300,1
490300,2
490370,1
490370,2
490370,3
490380,1
490380,2
490390,1
490430,1
490430,2
490450,1
490490,1
490510,1
490690,1
490690,2
490690,3
489930,1
489930,2
489940,1
490040,1
490080,1
490080,2
490080,3
490100,1
490160,1
490160,2
490160,3
490170,1
490220,1
490220,2
490230,1
490230,3
490250,1
490250,3
489570,1
489580,1
489600,1
489610,1
489610,2
489610,3
489660,1
489700,1
489720,1
489720,2
489720,3
489730,1
489740,1
489760,1
489760,2
489760,3
489810,1
489810,2
489830,1
489900,1
489070,1
489080,1
489100,1
489110,1
489110,2
489120,1
489120,2
489140,1
489140,2
489140,3
489160,1
489170,1
489220,1
489240,1
489260,1
489360,1
489360,2
489370,1
489380,1
489400,1
489440,1
489440,2
489460,1
489460,2
489460,3
489470,1
488821,1
488822,1
488823,1
488824,1
488890,1
488910,1
488920,1
488950,1
488960,1
488960,2
488960,3
489000,1
489000,2
489000,3
489020,1
489050,1
488310,1
488330,1
488350,1
488360,1
488440,1
488440,2
488440,3
488460,1
488460,2
488460,3
488480,1
488480,2
488500,1
488550,1
488580,1
488580,2
488590,1
488660,1
488660,2
488660,3
488690,1
488690,2
488690,3
488730,1
488760,1
488770,1
488770,2
488770,3
488790,1
487720,1
487730,1
487770,1
488020,1
488040,1
488070,1
488080,1
488150,1
488210,1
488220,1
488280,1
488300,1
487330,1
487330,2
487350,1
487350,2
487370,1
487430,1
487530,1
487580,1
487590,1
487600,1
487630,1
486780,1
486810,1
486850,1
486890,1
486890,2
486940,1
486990,1
487000,1
487000,2
487000,3
487020,1
487030,1
487030,2
487040,1
487040,2
487040,3
487120,1
487160,1
487160,2
487160,3
487180,1
487180,2
487220,1
487250,1
486290,1
486300,1
486310,1
486310,2
486310,3
486320,1
486350,1
486360,1
486370,1
486380,1
486380,2
486380,3
486410,1
486440,1
486470,1
486480,1
486490,1
486500,1
486500,3
486510,1
486540,1
486550,1
486550,2
486630,1
486640,1
486640,3
486650,1
486660,1
486670,1
486690,1
486720,1
486760,1
485890,1
485900,1
485920,1
485950,1
485970,1
485970,2
485970,3
485980,1
486020,1
486120,1
486120,2
486130,1
486130,2
486130,3
486140,1
486150,1
486150,2
486170,1
486180,1
486180,2
486180,3
486230,1
486230,2
486230,3
485340,1
485340,2
485340,3
485350,1
485350,3
485360,1
485370,1
485380,1
485380,2
485390,1
485430,1
485460,1
485460,2
485490,1
485500,1
485570,1
485590,1
485600,1
485620,1
485630,1
485640,1
485650,1
485660,1
485670,1
485670,2
485670,3
485680,1
485680,2
485680,3
485690,1
485730,1
485750,1
485790,1
485800,1
485800,2
485820,1
485830,1
485860,1
485870,1
485870,2
485880,1
484930,1
484950,1
484990,1
485000,1
485000,2
485030,1
485040,1
485080,1
485080,2
485080,3
485110,1
485120,1
485150,1
485160,1
485160,2
485230,1
485240,1
485260,1
485260,2
485270,1
485290,1
485310,1
485330,1
484830,1
484830,2
484830,3
484870,1
484890,1
484900,1
483950,1
483960,1
483970,1
483980,1
484350,1
484390,1
484390,2
483490,1
483680,1
483770,1
483820,1
483850,1
483850,2
482390,1
482450,1
482460,1
482460,2
482460,3
482890,1
482920,1
481950,1
481950,2
482210,1
482300,1
482330,1
481510,1
481510,2
481510,3
481600,1
481870,1
481870,3
481110,1
481110,2
481180,1
481190,1
481190,2
481190,3
480480,1
480490,1
480500,1
480500,2
480640,1
480640,2
480650,1
480690,1
480710,1
480770,1
480900,1
480900,2
479990,1
480410,1
480410,2
480450,1
479100,1
479110,1
479110,2
479130,1
479140,1
479150,1
479170,1
479180,1
479200,1
479310,1
479330,1
478950,1
478960,1
478980,1
478980,2
479000,1
479010,1
479020,1
479040,1
479040,2
479040,3
478210,1
478000,1
478010,1
478020,1
477720,1
477730,1
477740,1
477750,1
477770,1
477800,1
477870,1
477900,1
477900,3
477910,1
477010,1
477120,1
477130,1
477140,1
477160,1
477160,2
477170,1
477180,1
477190,1
477200,1
477200,2
477270,1
477290,1
477290,3
477310,1
476620,1
476650,1
476650,2
476650,3
476670,1
476700,1
476710,1
476710,2
476920,1
476240,1
476240,2
476240,3
476370,1
476420,1
476430,1
476450,1
476460,1
476460,2
476460,3
476490,1
476490,2
476490,3
476510,1
476530,1
476530,2
475960,1
476000,1
476000,2
476000,3
476020,1
476020,2
476020,3
476030,1
475240,1
475490,1
475490,2
475490,3
475520,1
475530,1
475530,2
475530,3
475550,1
475550,2
475550,3
475620,1
475620,2
475630,1
474810,1
474830,1
474880,1
474880,2
474890,1
474910,1
474910,2
474910,3
474960,1
474980,1
474980,2
474980,3
475050,1
475080,1
475090,1
475150,1
475190,1
475190,2
474620,1
474730,1
474750,1
474750,2
474750,3
473910,1
473920,1
473920,2
473950,1
473970,1
473970,2
473970,3
474010,1
474010,2
474010,3
474020,1
474050,1
474210,1
474210,2
474210,3
474240,1
473450,1
473450,2
473450,3
473460,1
473470,1
473470,2
473470,3
473480,1
473510,1
473520,1
473520,2
473520,3
473530,1
473530,2
473530,3
473540,1
473540,2
473540,3
473550,1
473560,1
473610,1
473670,1
473670,2
473670,3
473690,1
473720,1
473770,1
473770,2
473770,3
473780,1
473780,2
473810,1
473840,1
473050,1
473140,1
473140,2
473140,3
472680,1
472690,1
472740,1
472770,1
472830,1
472870,1
472870,2
472870,3
472420,1
472420,2
472420,3
471700,1
471700,2
471700,3
471720,1
471730,1
471770,1
471770,2
471770,3
471810,1
471810,2
471920,1
471920,2
471920,3
472060,1
472060,2
472060,3
471200,1
471220,1
471220,2
471260,1
471260,2
471260,3
471270,1
471330,1
471330,2
471380,1
471380,3
471400,1
471400,2
471400,3
471550,1
471630,1
471640,1
471640,2
471640,3
471660,1
470740,1
470760,1
470780,1
470780,2
470890,1
471010,1
471160,1
471170,1
471170,2
471170,3
470210,1
470220,1
470260,1
470260,2
470270,1
470270,2
470270,3
470280,1
470300,1
470300,2
470300,3
470310,1
470440,1
470450,1
470470,1
470470,2
470470,3
470480,1
470490,1
470580,1
470580,2
470580,3
470590,1
470590,2
470590,3
469730,1
469790,1
469790,2
469790,3
469890,1
469900,1
469920,1
469920,2
469920,3
469990,1
470020,1
470020,2
470020,3
470030,1
470030,2
470030,3
470040,1
470060,1
470090,1
470140,1
470140,3
470170,1
470170,2
470170,3
469550,1
469610,1
469650,1
469710,1
469710,2
469710,3
469720,1
469720,2
468740,1
468780,1
468800,1
468800,2
468800,3
468820,1
468920,1
468930,1
468490,1
468490,2
468490,3
468530,1
468560,1
468570,1
468650,1
468700,1
467890,1
467900,1
467910,1
467930,1
467940,1
467940,2
467940,3
467950,1
467950,2
467960,1
467960,2
467960,3
467990,1
468050,1
468050,2
468050,3
468070,1
468070,2
468080,1
468100,1
468110,1
468130,1
468150,1
468160,1
468170,1
468240,1
468250,1
468310,1
468310,2
468320,1
468330,1
468350,1
467470,1
467470,2
467480,1
467480,2
467490,1
467520,1
467520,2
467570,1
467650,1
467660,1
467710,1
467720,1
467750,1
467760,1
467760,2
467780,1
467780,2
467790,1
467790,2
467790,3
467810,1
467810,2
467810,3
467820,1
467820,2
467820,3
467850,1
467850,2
467090,1
467090,2
467090,3
467170,1
467170,2
467210,1
467210,2
467210,3
467220,1
467220,2
467270,1
467290,1
467290,2
467290,3
467310,1
467320,1
467320,2
467330,1
467350,1
467360,1
467360,2
467360,3
467370,1
467370,2
467380,1
467390,1
467390,2
467390,3
467430,1
467440,1
467440,2
467440,3
466630,1
466630,2
466630,3
466660,1
466660,2
466660,3
466730,1
466740,1
466770,1
466770,3
466800,1
466800,2
466800,3
466810,1
466810,2
466810,3
466820,1
466840,1
466860,1
466870,1
466900,1
466910,1
466910,2
466920,1
466940,1
466980,1
466980,2
466980,3
467000,1
467010,1
466270,1
466270,2
466270,3
466280,1
466280,2
466300,1
466300,2
466300,3
466350,1
466350,2
466350,3
466420,1
466430,1
466430,2
466430,3
466490,1
466490,2
466490,3
466500,1
466520,1
466580,1
465750,1
465750,2
465840,1
465860,1
465870,1
465890,1
465900,1
465920,1
465930,1
465960,1
465970,1
465990,1
466000,1
466010,1
466020,1
466030,1
466040,1
466050,1
466060,1
466070,1
466080,1
466100,1
466110,1
466130,1
466160,1
466210,1
466220,1
465360,1
465440,1
465440,2
465450,1
465490,1
465510,1
465520,1
465540,1
465650,1
465650,2
465650,3
465660,1
465660,2
465670,1
465720,1
465720,2
465720,3
464850,1
464880,1
464900,1
464900,2
464940,1
464950,1
464950,2
464960,1
465000,1
465000,2
465000,3
465010,1
465020,1
465020,3
465050,1
465060,1
465070,1
465090,1
465100,1
465100,2
465100,3
465130,1
465170,1
465170,2
465170,3
465180,1
465190,1
465200,1
465200,2
465200,3
465240,1
465280,1
465280,2
465310,1
464440,1
464450,1
464470,1
464470,2
464470,3
464490,1
464500,1
464530,1
464540,1
464610,1
464610,3
464620,1
464620,2
464620,3
464630,1
464650,1
464670,1
464690,1
464700,1
464740,1
464740,2
464740,3
464780,1
464780,2
464800,1
463980,1
463980,2
464000,1
464020,1
464050,1
464050,2
464060,1
464060,3
464070,1
464080,1
464100,1
464100,2
464100,3
464110,1
464120,1
464170,1
464230,1
464230,2
464230,3
464240,1
464260,1
464260,2
464260,3
464340,1
464340,2
464350,1
464350,2
464350,3
464360,1
464380,1
464380,2
464380,3
464400,1
463670,1
463700,1
463710,1
463710,2
463800,1
463800,2
463830,1
463850,1
463860,1
463860,2
463860,3
463870,1
463880,1
463920,1
463930,1
463930,3
463110,1
463150,1
463160,1
463160,2
463170,1
463180,1
463180,2
463180,3
463210,1
463210,2
463220,1
463220,2
463250,1
463270,1
463290,1
463320,1
463320,2
463320,3
463350,1
463390,1
463390,2
463390,3
463400,1
463430,1
463440,1
463440,2
463440,3
463450,1
463460,1
463470,1
463480,1
463510,1
462630,1
462640,1
462670,1
462680,1
462680,2
462680,3
462700,1
462730,1
462730,2
462730,3
462770,1
462770,2
462770,3
462830,1
462860,1
462860,2
462860,3
462910,1
462930,1
462930,2
462940,1
462940,2
462940,3
462950,1
462950,2
462950,3
462960,1
462960,2
462960,3
462990,1
463000,1
463010,1
463020,1
463020,2
463020,3
463030,1
463060,1
463060,2
463070,1
463100,1
463100,2
463100,3
462220,1
462240,1
462240,2
462250,1
462400,1
462480,1
462520,1
462530,1
462570,1
462580,1
462590,1
462620,1
462620,2
462620,3
461880,1
461880,2
461880,3
461890,1
461890,2
461940,1
461950,1
461950,2
461950,3
461990,1
462000,1
462070,1
462070,2
462100,1
462100,2
462100,3
462110,1
462130,1
461390,1
461390,2
461390,3
461400,1
461400,3
461410,1
461430,1
461430,2
461480,1
461480,2
461490,1
461510,1
461520,1
461560,1
461560,2
461580,1
461590,1
461600,1
461640,1
461650,1
461650,2
461650,3
461680,1
461700,1
461700,2
461700,3
461710,1
461750,1
461760,1
461760,2
461760,3
461780,1
461810,1
461810,2
461820,1
461830,1
461840,1
461840,2
461840,3
461850,1
461860,1
461010,1
461010,2
461010,3
461030,1
461030,2
461030,3
461170,1
461170,2
461180,1
461210,1
461220,1
461220,2
461220,3
461230,1
461230,2
461280,1
461320,1
461340,1
461350,1
461360,1
461370,1
461380,1
460560,1
460580,1
460580,2
460630,1
460640,1
460640,2
460640,3
460650,1
460700,1
460730,1
460750,1
460780,1
460780,2
460790,1
460810,1
460850,1
460910,1
460910,2
460910,3
460920,1
460930,1
460940,1
460960,1
460970,1
460970,2
460970,3
460990,1
460060,1
460060,2
460060,3
460120,1
460140,1
460150,1
460150,2
460160,1
460190,1
460210,1
460210,2
460210,3
460220,1
460230,1
460250,1
460250,2
460340,1
460340,2
460340,3
460430,1
460430,2
460430,3
460470,1
460510,1
460540,1
459610,1
459630,1
459640,1
459680,1
459730,1
459760,1
459780,1
459830,1
459870,1
459880,1
459940,1
459130,1
459130,2
459130,3
459150,1
459160,1
459170,1
459220,1
459260,1
459310,1
459310,2
459310,3
459350,1
459350,2
459350,3
459370,1
459410,1
459470,1
459520,1
459540,1
459550,1
459550,3
459580,1
458660,1
458680,1
458700,1
458730,1
458750,1
458750,2
458760,1
458770,1
458820,1
458830,1
458920,1
458960,1
458990,1
459010,1
459020,1
459040,1
459040,2
459080,1
459080,2
459090,1
459090,2
458200,1
458230,1
458290,1
458330,1
458330,2
458330,3
458360,1
458360,2
458370,1
458380,1
458420,1
458450,1
458470,1
458470,2
458470,3
458480,1
458480,2
458480,3
458490,1
458500,1
458510,1
458520,1
458540,1
458560,1
458580,1
458590,1
458600,1
458630,1
458630,2
458630,3
457710,1
457730,1
457730,2
457730,3
457760,1
457760,2
457760,3
457770,1
457810,1
457810,2
457810,3
457820,1
457860,1
457870,1
457890,1
457890,2
457960,1
457980,1
457980,2
457980,3
458000,1
458000,2
458030,1
458040,1
458060,1
458110,1
458170,1
458180,1
457210,1
457210,2
457210,3
457230,1
457320,1
457340,1
457370,1
457380,1
457420,1
457450,1
457450,2
457480,1
457480,2
457490,1
457490,2
457490,3
457520,1
457530,1
457530,2
457530,3
457570,1
457570,2
457600,1
457650,1
457660,1
457680,1
457680,2
457690,1
456920,1
457010,1
457010,2
457010,3
457130,1
456390,1
456420,1
456430,1
456440,1
456450,1
456540,1
456540,2
456660,1
456670,1
456670,2
456670,3
456690,1
456690,2
456740,1
456750,1
456760,1
456780,1
456810,1
456810,2
456810,3
456830,1
455940,1
455960,1
455960,2
455960,3
455970,1
455980,1
455990,1
455990,2
455990,3
456090,1
456130,1
456130,3
456150,1
456160,1
456170,1
456180,1
456210,1
455590,1
455590,2
455640,1
455700,1
455710,1
455720,1
455770,1
455820,1
455830,1
455830,2
455910,1
455120,1
455190,1
455200,1
455200,2
455230,1
455290,1
455310,1
455310,2
455310,3
455340,1
455400,1
455400,2
455400,3
455440,1
455480,1
455480,2
455480,3
455490,1
454670,1
454680,1
454690,1
454690,2
454690,3
454700,1
454720,1
454720,2
454720,3
454730,1
454750,1
454770,1
454780,1
454780,2
454780,3
454830,1
454870,1
454890,1
454900,1
454900,3
454950,1
454970,1
454970,2
454970,3
455000,1
455080,1
455100,1
455100,2
455100,3
455110,1
454170,1
454170,2
454170,3
454180,1
454180,2
454180,3
454190,1
454190,2
454190,3
454200,1
454220,1
454220,2
454220,3
454230,1
454240,1
454240,2
454240,3
454250,1
454250,2
454260,1
454320,1
454330,1
454330,2
454350,1
454370,1
454390,1
454410,1
454420,1
454420,2
454420,3
454430,1
454480,1
454520,1
454530,1
454540,1
454550,1
454550,2
454560,1
454560,2
454560,3
454570,1
454580,1
454600,1
454610,1
454610,2
454610,3
454630,1
454650,1
453660,1
453670,1
453690,1
453690,2
453700,1
453700,2
453710,1
453710,2
453710,3
453720,1
453720,2
453720,3
453730,1
453730,2
453730,3
453740,1
453740,3
453750,1
453750,2
453770,1
453770,2
453770,3
453780,1
453780,2
453780,3
453790,1
453790,2
453790,3
453810,1
453820,1
453820,2
453820,3
453830,1
453850,1
453870,1
453870,2
453870,3
453880,1
453880,2
453890,1
453910,1
453910,2
453950,1
453950,2
453960,1
453980,1
453990,1
453990,2
454030,1
454060,1
454060,2
454060,3
454070,1
454080,1
454100,1
454100,2
454100,3
454130,1
454140,1
454160,1
453220,1
453220,2
453270,1
453290,1
453290,2
453300,1
453310,1
453320,1
453340,1
453340,2
453350,1
453350,2
453350,3
453390,1
453500,1
453510,1
453650,1
453650,3
452710,1
452860,1
452920,1
452920,2
452930,1
452930,2
452940,1
452950,1
452970,1
453030,1
453030,3
453100,1
453100,2
453100,3
453130,1
453130,2
453130,3
452320,1
452320,2
452320,3
452340,1
452410,1
452410,2
452410,3
452420,1
452450,1
452490,1
452510,1
452570,1
452570,2
452650,1
451780,1
451800,1
451800,2
451840,1
451870,1
451880,1
451900,1
451920,1
451930,1
451940,1
451950,1
451960,1
451980,1
451990,1
451990,2
452000,1
452060,1
452120,1
452230,1
452230,2
452240,1
451520,1
451540,1
451570,1
451570,2
451570,3
451600,1
451600,2
451600,3
451630,1
451640,1
451640,2
451640,3
451650,1
451660,1
451670,1
451670,2
451670,3
451700,1
451700,2
451760,1
451760,2
451760,3
451060,1
451080,1
451100,1
451100,2
451130,1
451140,1
451200,1
451210,1
451340,1
451350,1
451400,1
451450,1
450590,1
450600,1
450630,1
450650,1
450670,1
450700,1
450700,2
450700,3
450740,1
450760,1
450950,1
451000,1
451000,2
451010,1
451020,1
451020,2
451020,3
450110,1
450120,1
450140,1
450150,1
450170,1
450170,2
450170,3
450190,1
450220,1
450220,2
450220,3
450250,1
450290,1
450290,2
450390,1
450440,1
450500,1
450540,1
449680,1
449690,1
449700,1
449700,2
449710,1
449710,2
449710,3
449730,1
449730,2
449760,1
449760,2
449760,3
449770,1
449800,1
449820,1
449960,1
449960,2
450020,1
450040,1
450050,1
450060,1
449300,1
449300,2
449300,3
449310,1
449320,1
449320,2
449320,3
449330,1
449340,1
449340,2
449340,3
449350,1
449450,1
449460,1
449460,2
449470,1
449500,1
449500,2
449510,1
449520,1
449530,1
449530,3
449540,1
449540,2
449560,1
449610,1
449640,1
448780,1
448780,3
448790,1
448790,2
448790,3
448800,1
448810,1
448810,2
448820,1
448830,1
448850,1
448850,2
448850,3
448880,1
448910,1
448910,2
448910,3
448960,1
448990,1
449020,1
449040,1
449050,1
449060,1
449060,3
449070,1
449070,2
449070,3
449090,1
449090,2
449090,3
449120,1
449140,1
449140,2
449140,3
449150,1
449160,1
449160,2
449160,3
449170,1
449180,1
449180,2
449180,3
449200,1
449210,1
449220,1
449240,1
449250,1
449250,2
449250,3
448280,1
448290,1
448290,2
448290,3
448300,1
448310,1
448310,2
448310,3
448370,1
448370,3
448380,1
448380,2
448400,1
448440,1
448470,1
448470,2
448470,3
448480,1
448480,2
448480,3
448500,1
448510,1
448520,1
448530,1
448530,2
448540,1
448540,2
448540,3
448550,1
448550,2
448550,3
448560,1
448560,2
448560,3
448580,1
448580,3
448610,1
448610,2
448620,1
448630,1
448640,1
448650,1
448650,2
448670,1
448670,3
448690,1
448690,3
448710,1
448720,1
448720,2
448730,1
448730,2
448730,3
448750,1
448110,1
448140,1
448140,2
448150,1
448160,1
448160,3
448170,1
448170,2
448170,3
448230,1
448240,1
447690,1
447700,1
447780,1
447800,1
447820,1
447820,2
447820,3
447850,1
447860,1
447890,1
447920,1
447930,1
447940,1
447950,1
447960,1
447960,3
447980,1
447980,2
447990,1
447990,2
447990,3
448000,1
448000,2
448000,3
448010,1
448010,2
448010,3
448020,1
448020,2
448020,3
448050,1
448050,2
448050,3
448060,1
448070,1
448070,2
448080,1
448080,2
448080,3
448090,1
447170,1
447180,1
447190,1
447200,1
447210,1
447240,1
447270,1
447290,1
447310,1
447310,3
447530,1
447530,2
447530,3
447540,1
447570,1
447570,2
447570,3
446610,1
446620,1
446640,1
446760,1
446770,1
446790,1
446800,1
446800,2
446800,3
446810,1
446830,1
446830,2
446830,3
446840,1
446840,2
446840,3
446850,1
446850,2
446870,1
446870,2
446910,1
446990,1
446990,2
447000,1
447000,2
447020,1
447020,2
447040,1
447100,1
447120,1
447120,2
447120,3
446240,1
446240,2
446250,1
446310,1
446310,2
446310,3
446380,1
446390,1
446430,1
446440,1
446450,1
446460,1
446470,1
446480,1
446490,1
446510,1
446510,2
446510,3
446540,1
446550,1
446560,1
446570,1
446590,1
446590,2
446590,3
446600,1
445750,1
445770,1
445770,2
445800,1
445840,1
445840,2
445860,1
445950,1
445980,1
445980,2
445980,3
446000,1
446010,1
446020,1
446040,1
446050,1
446060,1
446070,1
446070,2
446070,3
446100,1
446110,1
446120,1
446120,2
445550,1
445600,1
445670,1
445670,2
445670,3
445720,1
445040,1
445040,2
445050,1
445070,1
445070,2
445070,3
445110,1
445110,2
445130,1
445130,2
445130,3
445140,1
445170,1
445190,1
445210,1
445230,1
445230,2
445310,1
445350,1
445350,2
445350,3
445430,1
444550,1
444550,2
444550,3
444580,1
444580,2
444580,3
444590,1
444620,1
444640,1
444640,2
444650,1
444690,1
444710,1
444720,1
444740,1
444770,1
444770,2
444770,3
444800,1
444800,2
444800,3
444830,1
444830,2
444830,3
444870,1
444880,1
444940,1
444940,3
444950,1
444970,1
444970,2
444990,1
445000,1
445020,1
444130,1
444140,1
444160,1
444160,3
444170,1
444170,2
444170,3
444180,1
444190,1
444210,1
444220,1
444220,2
444220,3
444260,1
444270,1
444270,2
444270,3
444280,1
444320,1
444320,2
444320,3
444330,1
444350,1
444350,2
444350,3
444410,1
444420,1
444430,1
444430,2
444440,1
444440,2
444460,1
444470,1
444480,1
444480,2
444480,3
444520,1
444520,2
444520,3
444530,1
443700,1
443700,2
443800,1
443810,1
443810,2
443810,3
443830,1
443830,2
443830,3
443850,1
443860,1
443880,1
443970,1
443980,1
443980,2
443980,3
444000,1
444000,2
444000,3
444020,1
444020,2
444020,3
443250,1
443250,2
443250,3
443260,1
443260,2
443260,3
443330,1
443360,1
443360,2
443360,3
443370,1
443380,1
443420,1
443450,1
443450,2
443450,3
443460,1
443460,2
443460,3
443570,1
443570,2
443580,1
443630,1
443650,1
443650,2
443650,3
442710,1
442710,2
442760,1
442770,1
442770,2
442780,1
442780,2
442780,3
442810,1
442890,1
443020,1
443070,1
443110,1
442500,1
442660,1
442000,1
442070,1
442070,2
442070,3
442120,1
442140,1
442140,2
442190,1
442190,2
442190,3
442210,1
442210,3
442220,1
442220,2
442260,1
442260,2
442260,3
442290,1
441550,1
441640,1
441640,2
441640,3
441670,1
441670,2
441670,3
441680,1
441680,2
441770,1
441790,1
441830,1
441850,1
441870,1
441230,1
441250,1
441250,2
441280,1
441350,1
441440,1
441510,1
440690,1
440730,1
440730,2
440730,3
440740,1
440740,2
440750,1
440750,2
440750,3
440760,1
440770,1
440770,2
440790,1
440790,2
440800,1
440800,2
440800,3
440810,1
440870,1
440870,2
440880,1
440880,2
440880,3
440950,1
441010,1
441010,2
441050,1
441050,2
441050,3
441060,1
440280,1
440280,2
440340,1
440380,1
440410,1
440420,1
440420,2
440450,1
440470,1
440520,1
440520,2
440520,3
440540,1
440540,2
440540,3
440630,1
440640,1
440650,1
440650,2
440650,3
440660,1
440660,2
439750,1
439750,2
439750,3
439770,1
439770,2
439770,3
439800,1
439800,2
439800,3
439880,1
439880,2
439880,3
439910,1
439910,2
439910,3
439920,1
439920,2
439930,1
439930,2
439940,1
439940,2
439940,3
439960,1
440020,1
440020,2
440100,1
440100,2
440100,3
439250,1
439310,1
439310,3
439340,1
439370,1
439420,1
439420,2
439420,3
439440,1
439440,2
439460,1
439490,1
439490,2
439490,3
439530,1
439550,1
439550,2
439550,3
439720,1
439730,1
438770,1
438780,1
438780,3
438790,1
438790,2
438790,3
438820,1
438820,2
438820,3
438910,1
438910,2
438910,3
438920,1
438920,2
438940,1
439190,1
438240,1
438260,1
438270,1
438270,2
438300,1
438310,1
438310,2
438320,1
438340,1
438350,1
438360,1
438420,1
438430,1
438440,1
438440,3
438450,1
438460,1
438490,1
438600,1
438600,2
438640,1
438650,1
438660,1
438680,1
438680,2
438720,1
438730,1
438730,2
438730,3
438740,1
437870,1
437870,2
437870,3
437880,1
437880,2
437900,1
437920,1
437920,2
437920,3
438000,1
438010,1
438020,1
438030,1
438040,1
438040,2
438080,1
438080,2
438080,3
438090,1
438110,1
438130,1
438160,1
438180,1
438220,1
437340,1
437340,2
437340,3
437380,1
437390,1
437390,2
437420,1
437420,2
437420,3
437520,1
437520,2
437520,3
437530,1
437530,2
437550,1
437570,1
437570,2
437570,3
437610,1
437630,1
437630,2
437630,3
437690,1
437710,1
437710,2
437720,1
437720,2
437720,3
437730,1
437740,1
436950,1
437000,1
437020,1
437030,1
437060,1
437080,1
437090,1
437100,1
437100,2
437100,3
437160,1
437160,2
437160,3
437170,1
437180,1
437180,2
437180,3
437210,1
437220,1
437220,3
437250,1
437250,2
436670,1
436680,1
436680,2
436680,3
436690,1
436820,1
436850,1
436850,2
436850,3
436860,1
436860,3
436870,1
436940,1
436320,1
436340,1
436360,1
436360,2
436360,3
436390,1
436390,2
436390,3
436400,1
436410,1
436470,1
436470,2
436480,1
436480,2
436480,3
436490,1
436500,1
436500,2
436510,1
436520,1
436530,1
436530,2
436530,3
436560,1
435970,1
436000,1
436000,2
436000,3
436060,1
436060,3
436070,1
436070,2
436110,1
436140,1
436140,2
436140,3
436160,1
436180,1
436220,1
436230,1
436240,1
436260,1
436260,3
436270,1
436270,2
436280,1
436290,1
436290,2
435480,1
435490,1
435530,1
435530,2
435530,3
435600,1
435730,1
435730,2
435730,3
435780,1
435780,2
435790,1
435800,1
435800,2
435800,3
435840,1
435080,1
435080,2
435080,3
435100,1
435120,1
435120,2
435140,1
435230,1
435250,1
435260,1
435260,2
435260,3
435300,1
435300,2
435360,1
435400,1
435400,2
435400,3
435420,1
435460,1
434660,1
434700,1
434700,2
434700,3
434730,1
434740,1
434740,2
434740,3
434750,1
434750,2
434750,3
434790,1
434800,1
434820,1
434820,3
434860,1
434870,1
434870,2
434880,1
434890,1
434920,1
434930,1
434960,1
434970,1
434970,3
434980,1
435000,1
435000,2
435000,3
435010,1
435020,1
435030,1
435030,2
435040,1
435040,2
435050,1
435070,1
435070,3
434150,1
434150,2
434160,1
434160,2
434160,3
434170,1
434170,2
434170,3
434190,1
434220,1
434220,2
434220,3
434230,1
434230,2
434230,3
434240,1
434240,2
434240,3
434250,1
434260,1
434270,1
434270,3
434290,1
434290,3
434300,1
434310,1
434310,2
434310,3
434340,1
434360,1
434360,2
434360,3
434370,1
434370,2
434370,3
434390,1
434410,1
434420,1
434430,1
434470,1
434480,1
434490,1
434510,1
434530,1
434530,2
434540,1
434540,2
434570,1
434600,1
434600,2
434600,3
434610,1
434620,1
433750,1
433750,2
433790,1
433830,1
433840,1
433840,2
433840,3
433850,1
433890,1
433900,1
433910,1
433910,2
433910,3
433920,1
433930,1
433930,2
433930,3
433950,1
433950,2
433950,3
433960,1
434000,1
434000,2
434000,3
434020,1
434030,1
434030,2
434030,3
434050,1
434070,1
434070,2
434070,3
434090,1
434090,2
434090,3
434130,1
434140,1
433350,1
433360,1
433380,1
433380,2
433400,1
433400,2
433450,1
433480,1
433490,1
433530,1
433530,2
433530,3
433550,1
433570,1
433580,1
433630,1
433650,1
433660,1
433660,2
433660,3
433670,1
433700,1
432870,1
432890,1
432890,2
432890,3
432940,1
432940,2
432950,1
432980,1
432990,1
432990,2
432990,3
433000,1
433000,2
433100,1
433110,1
433120,1
433130,1
433130,2
433170,1
433190,1
433210,1
433280,1
433300,1
433320,1
433340,1
433340,2
433340,3
432370,1
432370,2
432380,1
432380,2
432380,3
432390,1
432410,1
432420,1
432470,1
432470,2
432480,1
432480,2
432480,3
432490,1
432490,2
432490,3
432500,1
432590,1
432590,2
432590,3
432620,1
432620,2
432620,3
432640,1
432720,1
432720,2
432720,3
432770,1
432780,1
432790,1
432790,2
431810,1
431810,2
431810,3
431830,1
431830,3
431840,1
431850,1
431910,1
431930,1
431940,1
432010,1
432030,1
432030,2
432030,3
432100,1
432110,1
432130,1
432130,2
432130,3
432170,1
432180,1
432180,2
432180,3
432190,1
432210,1
432230,1
432230,2
432230,3
432240,1
432240,2
432250,1
432260,1
432260,2
432260,3
432270,1
432330,1
432330,2
432350,1
431330,1
431330,2
431330,3
431360,1
431370,1
431410,1
431410,2
431410,3
431450,1
431460,1
431460,2
431460,3
431470,1
431500,1
431500,2
431510,1
431510,2
431510,3
431540,1
431540,3
431570,1
431590,1
431590,2
431600,1
431610,1
431610,2
431610,3
431630,1
431630,2
431630,3
431640,1
431640,2
431640,3
431650,1
431700,1
431700,2
431700,3
431710,1
431730,1
431730,2
431730,3
431740,1
431750,1
431770,1
431770,2
431770,3
430930,1
430960,1
431030,1
431120,1
431180,1
431180,2
431200,1
431220,1
431220,3
431230,1
431230,2
431250,1
431280,1
431280,2
431290,1
431290,2
431300,1
431300,2
430410,1
430410,2
430410,3
430020,1
430080,1
430100,1
430170,1
430170,2
430190,1
430210,1
430230,1
430240,1
430280,1
430280,2
430280,3
430290,1
430300,1
429600,1
429600,2
429600,3
429610,1
429610,2
429610,3
429620,1
429620,2
429620,3
429660,1
429690,1
429690,2
429700,1
429720,1
429780,1
429780,2
429790,1
429790,2
429830,1
429940,1
429940,2
429940,3
429950,1
429060,1
429160,1
429180,1
429220,1
429220,2
429250,1
429250,2
429250,3
429260,1
429270,1
429280,1
429300,1
429300,2
429300,3
429330,1
429330,2
429350,1
429350,2
429350,3
429360,1
429360,2
429390,1
429390,2
429430,1
429470,1
429480,1
429490,1
429520,1
429530,1
429570,1
429570,2
429580,1
429580,2
429580,3
428610,1
428630,1
428660,1
428690,1
428690,2
428690,3
428740,1
428750,1
428750,2
428750,3
428760,1
428760,2
428760,3
428800,1
428830,1
428830,2
428830,3
428860,1
428860,2
428860,3
428870,1
428870,2
428880,1
428880,2
428900,1
428900,2
428900,3
428910,1
428920,1
428920,2
428920,3
428930,1
428930,2
428940,1
428950,1
428980,1
429020,1
429020,2
429020,3
429040,1
428200,1
428210,1
428220,1
428220,2
428230,1
428230,2
428240,1
428250,1
428260,1
428270,1
428280,1
428340,1
428340,2
428350,1
428350,2
428350,3
428370,1
428370,2
428410,1
428430,1
428460,1
428460,2
428490,1
428510,1
428530,1
428540,1
428590,1
428590,2
428590,3
427700,1
427730,1
427730,2
427760,1
427770,1
427770,2
427770,3
427780,1
427780,2
427810,1
427810,2
427820,1
427820,3
427830,1
427830,2
427830,3
427860,1
427860,2
427860,3
427880,1
427890,1
427910,1
427930,1
427930,3
427970,1
427970,2
427970,3
427980,1
427980,2
427980,3
428020,1
428020,2
428020,3
428040,1
428040,2
428040,3
428060,1
428080,1
428100,1
428110,1
428130,1
428130,2
428170,1
428180,1
428190,1
428190,2
428190,3
427470,1
427470,2
427480,1
427490,1
427490,2
427510,1
427550,1
427550,2
427550,3
427570,1
427640,1
427640,2
427640,3
427660,1
427030,1
427040,1
427050,1
427050,2
427050,3
427190,1
427240,1
427250,1
427270,1
427290,1
426560,1
426590,1
426630,1
426690,1
426790,1
426930,1
426170,1
426170,2
426170,3
426190,1
426190,2
426190,3
426210,1
426210,3
426240,1
426240,2
426290,1
426290,2
426290,3
426310,1
426330,1
426330,2
426330,3
425720,1
425760,1
425760,2
425770,1
425860,1
425870,1
425870,2
425870,3
425900,1
425900,2
425990,1
426000,1
426000,2
426000,3
426010,1
426010,2
426040,1
426050,1
425220,1
425230,1
425240,1
425240,2
425240,3
425260,1
425260,2
425260,3
425300,1
425310,1
425340,1
425400,1
425410,1
425450,1
425450,2
425450,3
425460,1
425580,1
425600,1
425600,3
425650,1
425670,1
424750,1
424750,2
424760,1
424830,1
424840,1
424850,1
424870,1
425010,1
425040,1
425040,2
425070,1
425070,3
425150,1
425160,1
425160,2
425160,3
425210,1
425210,2
425210,3
424250,1
424250,2
424250,3
424260,1
424280,1
424280,2
424280,3
424320,1
424590,1
424640,1
423800,1
423800,2
423800,3
423810,1
423810,2
423810,3
423870,1
423870,2
423870,3
423880,1
423880,2
423880,3
423890,1
423900,1
423900,2
423900,3
423950,1
424000,1
424010,1
424030,1
424040,1
424060,1
424100,1
424170,1
423440,1
423440,2
423440,3
423490,1
423550,1
423580,1
423580,2
423590,1
423590,2
423590,3
423600,1
423610,1
423610,2
423610,3
423620,1
423650,1
423700,1
423710,1
423720,1
423730,1
423740,1
423750,1
423750,2
423750,3
423760,1
423770,1
423120,1
423120,2
423120,3
423180,1
423220,1
423230,1
423320,1
423320,2
423320,3
422910,1
422910,2
422920,1
422920,2
422940,1
422970,1
422970,2
422970,3
422980,1
422500,1
422610,1
422610,2
422610,3
422640,1
422650,1
422650,2
422650,3
422760,1
422810,1
422810,2
422810,3
422860,1
422010,1
422010,3
422020,1
422030,1
422110,1
422110,2
422110,3
422130,1
422140,1
1152550,1
1151390,1
1151390,2
1150480,1
1149900,1
1149910,1
1149400,1
1149400,2
1149400,3
1148810,1
1147280,1
1147490,1
1147500,1
1147510,1
1147520,1
1147600,1
1147620,1
1147670,1
1147670,3
1146880,1
1146890,1
1146910,1
1146920,1
1146940,1
1146950,1
1146950,2
1146970,1
1146970,2
1147020,1
1147030,1
1147130,1
1147140,1
1147220,1
1147240,1
1146390,1
1146390,2
1146390,3
1146510,1
1146560,1
1146560,3
1146630,1
1146700,1
1146780,1
1146810,1
1145960,1
1145960,2
1145970,1
1146010,1
1146010,2
1146010,3
1146090,1
1146100,1
1146160,1
1146170,1
1146230,1
1146250,1
1146300,1
1146310,1
1146310,3
1146350,1
1146370,1
1145490,1
1145520,1
1145530,1
1145530,2
1145550,1
1145560,1
1145560,3
1145570,1
1145580,1
1145590,1
1145660,1
1145680,1
1145780,1
1145810,1
1145820,1
1145830,1
1145830,2
1145830,3
1145860,1
1145950,1
1145950,2
1145030,1
1145050,1
1145120,1
1145180,1
1145200,1
1145210,1
1145280,1
1145380,1
1145410,1
1145410,2
1145430,1
1145450,1
1145460,1
1144690,1
1144770,1
1144860,1
1144910,1
1144970,1
1144250,1
1144270,1
1144280,1
1144290,1
1144300,1
1144330,1
1144350,1
1144370,1
1144400,1
1144440,1
1144450,1
1144460,1
1144510,1
1144520,1
1144550,1
1144550,2
1144550,3
1144590,1
1144630,1
1143900,1
1144020,1
1144030,1
1144030,2
1144030,3
1144060,1
1144070,1
1144090,1
1144100,1
1144110,1
1144140,1
1144150,1
1144150,2
1144150,3
1143550,1
1143570,1
1143570,3
1143680,1
1143710,1
1143720,1
1143740,1
1143740,3
1143750,1
1143770,1
1143780,1
1143800,1
1143170,1
1143320,1
1143330,1
1143390,1
1143390,2
1143420,1
1143430,1
1143440,1
1142410,1
1142480,1
1142500,1
1142500,2
1142550,1
1142750,1
1142830,1
1142850,1
1142870,1
1141930,1
1141950,1
1141990,1
1142030,1
1142070,1
1142090,1
1142100,1
1142130,1
1142200,1
1142220,1
1142230,1
1142290,1
1142300,1
1142320,1
1142360,1
1141450,1
1141530,1
1141570,1
1141600,1
1141640,1
1141650,1
1141650,2
1141860,1
1141860,2
1141870,1
1141880,1
1141070,1
1141070,2
1141120,1
1141120,2
1141120,3
1141130,1
1141130,2
1141150,1
1141160,1
1141160,2
1141160,3
1141170,1
1141180,1
1141220,1
1141220,2
1141220,3
1141290,1
1141300,1
1141360,1
1141380,1
1141390,1
1140610,1
1140720,1
1140750,1
1140790,1
1140880,1
1140890,1
1140900,1
1140950,1
1140970,1
1140130,1
1140130,2
1140130,3
1140140,1
1140140,2
1140140,3
1140260,1
1140260,3
1140270,1
1140270,2
1140270,3
1140290,1
1140360,1
1140400,1
1140410,1
1140420,1
1140440,1
1140460,1
1140520,1
1140520,2
1140530,1
1140570,1
1140570,2
1139760,1
1139800,1
1139800,2
1139830,1
1139840,1
1139860,1
1139870,1
1139880,1
1139880,2
1139890,1
1139890,2
1139890,3
1139950,1
1139950,2
1140020,1
1140030,1
1140070,1
1139240,1
1139310,1
1139470,1
1139480,1
1139660,1
1139680,1
1138800,1
1138810,1
1138810,3
1138960,1
1138990,1
1138990,2
1138990,3
1139020,1
1139090,1
1139100,1
1139130,1
1139130,2
1139130,3
1138260,1
1138280,1
1138290,1
1138300,1
1138310,1
1138320,1
1138370,1
1138410,1
1138410,2
1138410,3
1138440,1
1138530,1
1138580,1
1138580,2
1138630,1
1138630,2
1137770,1
1137930,1
1137970,1
1138060,1
1138080,1
1138100,1
1138130,1
1138150,1
1137330,1
1137350,1
1137350,3
1137360,1
1137400,1
1137400,2
1137400,3
1137460,1
1137490,1
1137620,1
1137620,2
1137660,1
1137670,1
1137680,1
1137690,1
1137730,1
1136880,1
1136910,1
1136910,3
1136930,1
1136960,1
1137020,1
1137040,1
1137050,1
1137070,1
1137110,1
1137210,1
1137220,1
1137230,1
1137250,1
1137260,1
1137270,1
1137270,2
1137270,3
1136390,1
1136420,1
1136440,1
1136820,1
1136830,1
1136010,1
1136020,1
1136030,1
1136030,2
1136030,3
1136040,1
1136070,1
1136080,1
1136090,1
1136100,1
1136100,2
1136110,1
1136160,1
1136330,1
1135730,1
1135740,1
1135750,1
1135860,1
1135860,2
1135900,1
1135910,1
1135210,1
1135210,2
1135260,1
1135370,1
1135380,1
1135400,1
1135450,1
1135450,2
1135450,3
1135480,1
1135570,1
1134710,1
1135030,1
1135030,2
1135040,1
1135040,2
1135050,1
1135050,2
1135060,1
1135060,2
1135070,1
1135070,2
1135090,1
1135090,2
1135100,1
1135100,2
1135110,1
1135110,2
1135120,1
1135120,2
1135130,1
1135130,2
1135140,1
1135140,2
1135150,1
1135150,2
1135160,1
1135160,2
1135170,1
1135170,2
1135180,1
1135180,2
1135190,1
1135190,2
1135200,1
1135200,2
1134470,1
1134500,1
1134520,1
1134520,2
1134630,1
1134630,2
1134040,1
1134050,1
1134120,1
1134130,1
1134140,1
1134150,1
1134180,1
1134190,1
1134200,1
1134250,1
1134370,1
1134390,1
1133540,1
1133580,1
1133590,1
1133790,1
1133890,1
1133910,1
1133930,1
1133930,2
1133950,1
1133970,1
1133980,1
1134020,1
1133050,1
1133070,1
1133070,2
1133080,1
1133200,1
1133200,2
1133210,1
1133210,3
1133230,1
1133250,1
1133260,1
1133300,1
1133320,1
1133330,1
1133350,1
1133350,3
1133420,1
1133420,2
1133420,3
1133450,1
1133450,3
1133520,1
1132600,1
1132600,3
1132620,1
1132640,1
1132720,1
1132730,1
1132730,2
1132750,1
1132770,1
1132840,1
1132850,1
1132930,1
1132930,3
1132970,1
1132080,1
1132090,1
1132090,2
1132090,3
1132100,1
1132100,2
1132100,3
1132110,1
1132120,1
1132160,1
1132160,2
1132180,1
1132180,2
1132180,3
1132190,1
1132210,1
1132220,1
1132230,1
1132290,1
1132290,2
1132290,3
1132300,1
1132410,1
1132460,1
1132540,1
1131580,1
1131640,1
1131640,3
1131660,1
1131680,1
1131720,1
1131740,1
1131740,2
1131750,1
1131780,1
1131790,1
1131800,1
1131800,2
1131810,1
1131880,1
1131880,2
1131900,1
1131940,1
1131960,1
1131990,1
1131990,2
1132010,1
1132010,2
1132070,1
1131110,1
1131140,1
1131160,1
1131270,1
1131280,1
1131330,1
1131400,1
1131400,2
1131400,3
1131410,1
1131410,2
1131410,3
1131420,1
1131430,1
1131450,1
1131520,1
1131530,1
1131540,1
1131550,1
1130710,1
1130720,1
1130990,1
1131060,1
1131060,2
1131060,3
1130400,1
1130430,1
1130430,2
1130430,3
1130510,1
1130560,1
1130570,1
1130590,1
1130620,1
1129920,1
1129920,2
1129920,3
1129330,1
1129350,1
1129680,1
1129690,1
1129690,3
1129720,1
1129730,1
1128970,1
1129010,1
1129030,1
1129030,2
1129030,3
1129080,1
1129180,1
1129200,1
1129210,1
1129240,1
1129240,3
1129250,1
1128480,1
1128480,2
1128480,3
1128520,1
1128570,1
1128570,2
1128570,3
1128610,1
1128630,1
1128660,1
1128680,1
1128690,1
1128690,2
1128770,1
1128830,1
1128830,2
1128840,1
1128840,2
1128900,1
1127990,1
1128000,1
1128010,1
1128100,1
1128140,1
1128150,1
1128160,1
1128160,2
1128160,3
1128170,1
1128180,1
1128180,2
1128180,3
1128190,1
1128210,1
1128220,1
1128260,1
1128270,1
1128280,1
1128310,1
1128310,3
1128370,1
1128420,1
1128420,2
1128430,1
1128430,2
1128440,1
1128440,2
1128450,1
1127520,1
1127530,1
1127540,1
1127580,1
1127610,1
1127610,2
1127610,3
1127680,1
1127680,2
1127690,1
1127820,1
1127820,2
1127820,3
1127840,1
1127850,1
1127860,1
1127870,1
1127880,1
1127900,1
1127930,1
1127970,1
1127980,1
1127070,1
1127070,2
1127100,1
1127120,1
1127130,1
1127180,1
1127210,1
1127230,1
1127250,1
1127250,2
1127270,1
1127290,1
1127310,1
1127350,1
1127390,1
1127400,1
1127400,2
1127400,3
1127450,1
1127460,1
1127480,1
1126550,1
1126580,1
1126580,2
1126600,1
1126600,2
1126600,3
1126640,1
1126710,1
1126710,2
1126750,1
1126770,1
1126820,1
1126820,3
1126850,1
1126860,1
1126880,1
1126890,1
1126950,1
1126990,1
1126060,1
1126070,1
1126090,1
1126100,1
1126130,1
1126130,2
1126220,1
1126270,1
1126290,1
1126300,1
1126310,1
1126310,2
1126310,3
1126320,1
1126320,3
1126340,1
1126420,1
1126470,1
1125600,1
1125650,1
1125770,1
1125800,1
1125820,1
1125860,1
1125880,1
1125930,1
1125250,1
1125330,1
1125340,1
1125350,1
1125350,2
1125350,3
1125360,1
1125370,1
1125370,2
1125370,3
1125400,1
1125400,2
1125420,1
1125450,1
1125480,1
1125490,1
1124790,1
1124790,2
1124830,1
1124860,1
1124950,1
1124960,1
1124990,1
1125000,1
1125030,1
1125060,1
1125110,1
1125130,1
1124270,1
1124310,1
1124310,2
1124310,3
1124380,1
1124390,1
1124390,2
1124390,3
1124400,1
1124400,2
1124400,3
1124410,1
1124410,2
1124410,3
1124430,1
1124510,1
1124530,1
1124550,1
1124560,1
1124600,1
1124630,1
1124660,1
1124710,1
1124050,1
1124060,1
1124190,1
1124260,1
1124260,3
1123620,1
1123770,1
1123870,1
1123900,1
1123910,1
1123310,1
1123340,1
1123340,2
1123400,1
1123410,1
1123450,1
1123450,2
1123550,1
1123610,1
1122860,1
1122920,1
1122980,1
1123000,1
1123030,1
1123060,1
1123070,1
1123080,1
1123140,1
1123140,2
1123140,3
1123190,1
1123190,2
1123190,3
1123230,1
1122720,1
1122740,1
1122780,1
1122810,1
1122490,1
1122490,2
1122510,1
1122110,1
1122120,1
1122120,2
1122120,3
1122180,1
1122210,1
1122250,1
1122310,1
1122310,2
1122440,1
1122460,1
1122460,2
1122460,3
1121650,1
1121710,1
1121720,1
1121720,2
1121770,1
1122040,1
1122050,1
1122100,1
1121230,1
1121270,1
1121300,1
1121300,2
1121300,3
1121310,1
1121340,1
1121400,1
1121420,1
1121490,1
1121550,1
1121560,1
1121590,1
1120800,1
1120810,1
1120900,1
1120920,1
1120920,3
1120950,1
1120960,1
1120970,1
1121100,1
1120280,1
1120280,3
1120310,1
1120360,1
1120370,1
1120390,1
1120390,2
1120390,3
1120420,1
1120420,3
1120580,1
1120600,1
1120640,1
1120680,1
1120700,1
1120700,2
1120160,1
1120160,3
1120210,1
1120210,2
1119970,1
1119500,1
1119520,1
1119530,1
1119530,2
1119530,3
1119610,1
1119630,1
1119630,2
1119640,1
1119640,2
1119670,1
1119670,2
1119710,1
1119710,2
1119740,1
1119760,1
1119760,2
1119770,1
1119790,1
1119800,1
1119800,2
1119860,1
1119890,1
1119940,1
1119940,2
1119940,3
1119030,1
1119100,1
1119110,1
1119380,1
1119430,1
1118590,1
1118670,1
1118690,1
1118700,1
1118730,1
1118740,1
1118740,2
1118820,1
1118840,1
1118870,1
1118880,1
1118880,2
1118880,3
1118910,1
1118930,1
1118940,1
1118950,1
1118320,1
1118350,1
1118380,1
1118380,2
1118410,1
1117930,1
1117970,1
1117980,1
1117990,1
1118000,1
1118000,2
1118050,1
1118070,1
1117470,1
1117470,2
1117470,3
1117480,1
1117490,1
1117520,1
1117590,1
1117600,1
1117630,1
1117660,1
1117670,1
1117670,2
1117670,3
1117680,1
1117680,2
1117710,1
1117760,1
1117840,1
1117880,1
1117880,2
1117880,3
1117890,1
1117900,1
1117040,1
1117120,1
1117220,1
1117310,1
1117310,2
1117330,1
1117340,1
1117360,1
1117360,2
1117380,1
1117380,2
1116590,1
1116600,1
1116650,1
1116670,1
1116670,2
1116670,3
1116700,1
1116770,1
1116770,2
1116770,3
1116780,1
1116780,2
1116780,3
1116800,1
1116870,1
1116880,1
1116890,1
1116910,1
1116990,1
1116200,1
1116210,1
1116230,1
1116240,1
1116290,1
1116300,1
1116340,1
1116350,1
1116360,1
1116360,2
1116430,1
1116470,1
1116470,2
1116490,1
1116490,2
1116500,1
1116580,1
1115760,1
1115780,1
1115780,2
1115840,1
1115870,1
1115970,1
1115970,2
1115970,3
1116020,1
1116100,1
1116110,1
1116110,2
1116110,3
1115420,1
1115570,1
1115580,1
1115620,1
1115630,1
1115640,1
1115640,2
1115650,1
1115670,1
1115690,1
1115690,2
1114830,1
1114830,2
1114830,3
1114870,1
1114870,3
1114900,1
1114900,2
1114900,3
1114910,1
1115040,1
1115060,1
1114360,1
1114430,1
1114430,2
1114460,1
1114520,1
1114520,2
1114520,3
1114530,1
1114620,1
1114620,2
1114620,3
1114630,1
1114700,1
1114710,1
1114730,1
1113930,1
1113940,1
1113940,2
1113940,3
1113960,1
1113970,1
1114000,1
1114020,1
1114110,1
1114130,1
1114210,1
1114210,2
1114230,1
1114230,2
1114270,1
1113490,1
1113620,1
1113650,1
1113650,3
1113690,1
1113690,2
1113740,1
1113750,1
1113760,1
1113770,1
1113770,2
1113780,1
1113780,2
1113780,3
1113000,1
1113060,1
1113110,1
1113110,2
