,game-id,platforms
0,1198490,1
1,1198490,2
2,1198510,1
3,1198550,1
4,1198600,1
5,1198630,1
6,1198630,2
7,1198630,3
8,1198700,1
9,1198730,1
10,1198730,2
11,1198730,3
12,1198740,1
13,1198810,1
14,1198820,1
15,1198210,1
16,1198220,1
17,1198240,1
18,1198270,1
19,1198290,1
20,1198310,1
21,1198340,1
22,1198380,1
23,1198390,1
24,1198400,1
25,1198400,2
26,1198440,1
27,1198450,1
28,1198450,2
29,1198450,3
30,1197990,1
31,1198020,1
32,1198040,1
33,1198040,2
34,1198050,1
35,1198060,1
36,1198070,1
37,1198080,1
38,1198090,1
39,1198110,1
40,1197520,1
41,1197520,2
42,1197530,1
43,1197550,1
44,1197570,1
45,1197590,1
46,1197670,1
47,1197700,1
48,1197710,1
49,1197770,1
50,1197820,1
51,1197840,1
52,1197010,1
53,1197020,1
54,1197030,1
55,1197060,1
56,1197060,2
57,1197100,1
58,1197110,1
59,1197150,1
60,1197210,1
61,1197230,1
62,1197230,2
63,1197230,3
64,1197340,1
65,1197350,1
66,1197360,1
67,1197360,2
68,1197360,3
69,1197370,1
70,1197380,1
71,1197390,1
72,1197390,2
73,1197500,1
74,1196750,1
75,1196800,1
76,1196800,2
77,1196800,3
78,1196890,1
79,1196940,1
80,1196970,1
81,1196260,1
82,1196280,1
83,1196280,2
84,1196280,3
85,1196350,1
86,1196350,2
87,1196380,1
88,1196390,1
89,1196400,1
90,1196440,1
91,1196450,1
92,1196500,1
93,1196520,1
94,1196550,1
95,1196550,2
96,1196550,3
97,1196570,1
98,1196580,1
99,1196630,1
100,1196630,2
101,1196690,1
102,1196690,2
103,1195910,1
104,1195920,1
105,1195980,1
106,1196080,1
107,1196130,1
108,1196130,2
109,1196160,1
110,1196170,1
111,1196190,1
112,1195530,1
113,1195550,1
114,1195560,1
115,1195570,1
116,1195620,1
117,1195710,1
118,1195870,1
119,1195230,1
120,1195270,1
121,1195320,1
122,1195320,2
123,1195320,3
124,1195350,1
125,1195360,1
126,1195410,1
127,1195430,1
128,1195460,1
129,1194910,1
130,1194940,1
131,1195020,1
132,1195090,1
133,1195140,1
134,1195140,2
135,1195140,3
136,1195170,1
137,1194480,1
138,1194480,2
139,1194480,3
140,1194590,1
141,1194600,1
142,1194610,1
143,1194630,1
144,1194650,1
145,1194670,1
146,1194680,1
147,1194690,1
148,1194700,1
149,1194720,1
150,1194790,1
151,1194830,1
152,1194840,1
153,1194840,2
154,1193990,1
155,1194050,1
156,1194100,1
157,1194140,1
158,1194160,1
159,1194160,3
160,1194170,1
161,1194170,2
162,1194170,3
163,1194220,1
164,1194380,1
165,1194390,1
166,1193660,1
167,1193730,1
168,1193780,1
169,1193790,1
170,1193790,2
171,1193790,3
172,1193830,1
173,1193930,1
174,1193930,2
175,1193950,1
176,1193110,1
177,1193160,1
178,1193200,1
179,1193210,1
180,1193300,1
181,1193330,1
182,1193330,2
183,1193330,3
184,1193340,1
185,1193420,1
186,1193420,3
187,1193450,1
188,1193460,1
189,1193460,3
190,1193490,1
191,1193520,1
192,1193560,1
193,1192580,1
194,1192610,1
195,1192640,1
196,1192640,3
197,1192730,1
198,1192730,3
199,1192740,1
200,1192840,1
201,1192860,1
202,1192880,1
203,1192890,1
204,1192910,1
205,1192910,2
206,1192070,1
207,1192160,1
208,1192160,3
209,1192260,1
210,1192270,1
211,1192310,1
212,1192390,1
213,1192410,1
214,1192420,1
215,1192500,1
216,1191580,1
217,1191580,2
218,1191590,1
219,1191610,1
220,1191790,1
221,1191820,1
222,1191860,1
223,1191900,1
224,1191900,2
225,1191940,1
226,1191940,2
227,1192060,1
228,1191190,1
229,1191210,1
230,1191280,1
231,1191280,2
232,1191440,1
233,1191500,1
234,1191510,1
235,1190620,1
236,1190640,1
237,1190750,1
238,1190760,1
239,1190760,2
240,1190780,1
241,1190810,1
242,1190820,1
243,1190910,1
244,1190930,1
245,1190980,1
246,1191070,1
247,1191100,1
248,1191100,2
249,1190160,1
250,1190160,2
251,1190160,3
252,1190180,1
253,1190310,1
254,1190380,1
255,1190380,2
256,1190380,3
257,1190400,1
258,1190410,1
259,1190460,1
260,1190480,1
261,1190560,1
262,1189740,1
263,1189750,1
264,1189780,1
265,1189800,1
266,1190060,1
267,1190110,1
268,1190120,1
269,1189230,1
270,1189360,1
271,1189380,1
272,1189440,1
273,1189460,1
274,1189520,1
275,1189630,1
276,1189650,1
277,1188760,1
278,1188800,1
279,1188800,2
280,1188800,3
281,1188970,1
282,1188990,1
283,1189020,1
284,1189040,1
285,1189050,1
286,1189080,1
287,1189120,1
288,1189120,3
289,1189200,1
290,1189210,1
291,1188430,1
292,1188540,1
293,1188580,1
294,1188580,2
295,1188580,3
296,1188670,1
297,1188680,1
298,1188680,2
299,1188690,1
300,1188710,1
301,1188000,1
302,1188000,3
303,1188060,1
304,1188080,1
305,1188080,2
306,1188080,3
307,1188140,1
308,1188160,1
309,1188250,1
310,1188260,1
311,1188260,3
312,1188280,1
313,1188290,1
314,1188310,1
315,1188330,1
316,1188330,2
317,1187600,1
318,1187600,2
319,1187600,3
320,1187620,1
321,1187620,2
322,1187650,1
323,1187650,2
324,1187740,1
325,1187790,1
326,1187830,1
327,1187840,1
328,1187900,1
329,1187940,1
330,1187950,1
331,1187330,1
332,1187420,1
333,1187430,1
334,1187490,1
335,1187510,1
336,1186880,1
337,1186880,2
338,1186940,1
339,1187030,1
340,1187030,2
341,1187030,3
342,1187110,1
343,1187140,1
344,1187190,1
345,1187250,1
346,1187250,3
347,1186400,1
348,1186460,1
349,1186510,1
350,1186530,1
351,1186530,2
352,1186570,1
353,1186580,1
354,1186630,1
355,1186640,1
356,1186650,1
357,1186690,1
358,1186690,2
359,1186720,1
360,1186730,1
361,1186740,1
362,1186740,2
363,1186740,3
364,1186770,1
365,1186100,1
366,1186160,1
367,1186220,1
368,1186260,1
369,1186270,1
370,1186280,1
371,1186290,1
372,1186310,1
373,1186340,1
374,1186350,1
375,1185600,1
376,1185600,2
377,1185620,1
378,1185620,2
379,1185630,1
380,1185660,1
381,1185700,1
382,1185730,1
383,1185740,1
384,1185820,1
385,1185870,1
386,1185950,1
387,1185950,2
388,1185960,1
389,1185960,2
390,1186030,1
391,1186040,1
392,1185330,1
393,1185330,2
394,1185360,1
395,1185390,1
396,1185410,1
397,1185470,1
398,1185480,1
399,1185520,1
400,1185560,1
401,1184960,1
402,1184980,1
403,1184990,1
404,1185000,1
405,1185000,2
406,1185140,1
407,1185160,1
408,1185270,1
409,1185280,1
410,1184450,1
411,1184470,1
412,1184500,1
413,1184550,1
414,1184570,1
415,1184700,1
416,1184720,1
417,1184770,1
418,1184780,1
419,1184820,1
420,1184820,2
421,1184840,1
422,1184880,1
423,1184890,1
424,1184900,1
425,1184900,2
426,1184900,3
427,1184040,1
428,1184050,1
429,1184070,1
430,1184090,1
431,1184160,1
432,1184160,2
433,1184160,3
434,1184190,1
435,1184230,1
436,1184260,1
437,1184310,1
438,1184310,2
439,1184400,1
440,1184400,2
441,1184420,1
442,1184420,2
443,1183470,1
444,1183480,1
445,1183500,1
446,1183510,1
447,1183580,1
448,1183670,1
449,1183720,1
450,1183840,1
451,1183840,3
452,1183030,1
453,1183080,1
454,1183140,1
455,1183140,3
456,1183170,1
457,1183170,2
458,1183170,3
459,1183200,1
460,1183200,2
461,1183210,1
462,1183230,1
463,1183230,2
464,1183230,3
465,1183240,1
466,1183260,1
467,1183280,1
468,1183280,2
469,1183280,3
470,1183300,1
471,1183300,2
472,1183300,3
473,1183410,1
474,1183420,1
475,1182670,1
476,1182690,1
477,1182720,1
478,1182760,1
479,1182770,1
480,1182830,1
481,1182830,2
482,1182830,3
483,1182890,1
484,1182920,1
485,1182920,2
486,1182970,1
487,1182280,1
488,1182470,1
489,1182470,2
490,1181790,1
491,1181790,2
492,1181820,1
493,1181840,1
494,1181840,2
495,1181840,3
496,1181880,1
497,1181910,1
498,1182020,1
499,1182020,2
500,1182090,1
501,1182090,2
502,1182110,1
503,1182200,1
504,1181330,1
505,1181400,1
506,1181400,2
507,1181440,1
508,1181470,1
509,1181470,3
510,1181510,1
511,1181520,1
512,1181570,1
513,1181570,2
514,1181600,1
515,1181600,2
516,1181600,3
517,1181750,1
518,1180820,1
519,1180900,1
520,1180900,2
521,1180940,1
522,1180960,1
523,1180970,1
524,1181000,1
525,1181020,1
526,1181030,1
527,1181030,2
528,1181030,3
529,1181070,1
530,1181120,1
531,1181130,1
532,1181220,1
533,1181270,1
534,1181280,1
535,1181290,1
536,1181290,3
537,1180370,1
538,1180420,1
539,1180450,1
540,1180450,3
541,1180540,1
542,1180540,2
543,1180550,1
544,1180560,1
545,1180610,1
546,1180620,1
547,1180650,1
548,1180690,1
549,1180690,2
550,1180700,1
551,1179880,1
552,1180000,1
553,1180070,1
554,1180110,1
555,1180190,1
556,1180250,1
557,1180250,2
558,1180270,1
559,1180330,1
560,1179540,1
561,1179560,1
562,1179570,1
563,1179620,1
564,1179620,2
565,1179790,1
566,1179840,1
567,1179170,1
568,1179190,1
569,1179210,1
570,1179300,1
571,1179300,2
572,1179340,1
573,1179390,1
574,1179410,1
575,1179410,2
576,1179420,1
577,1179460,1
578,1179500,1
579,1178880,1
580,1179060,1
581,1178380,1
582,1178400,1
583,1178430,1
584,1178460,1
585,1178480,1
586,1178500,1
587,1178510,1
588,1178570,1
589,1178680,1
590,1178690,1
591,1178710,1
592,1178780,1
593,1178790,1
594,1177890,1
595,1177950,1
596,1177990,1
597,1177990,2
598,1178000,1
599,1178020,1
600,1178060,1
601,1178120,1
602,1178140,1
603,1178150,1
604,1178180,1
605,1178200,1
606,1178210,1
607,1178220,1
608,1178280,1
609,1178290,1
610,1178290,2
611,1178290,3
612,1178310,1
613,1178330,1
614,1177660,1
615,1177690,1
616,1177720,1
617,1177810,1
618,1177850,1
619,1177350,1
620,1177400,1
621,1177420,1
622,1177420,2
623,1177460,1
624,1177510,1
625,1177610,1
626,1176970,1
627,1176990,1
628,1177000,1
629,1177020,1
630,1177030,1
631,1177080,1
632,1177110,1
633,1177130,1
634,1177130,2
635,1177130,3
636,1177170,1
637,1176850,1
638,1176890,1
639,1176440,1
640,1176460,1
641,1176480,1
642,1176580,1
643,1176590,1
644,1176360,1
645,1175900,1
646,1175930,1
647,1175950,1
648,1175980,1
649,1175980,2
650,1176040,1
651,1176050,1
652,1176160,1
653,1176170,1
654,1176190,1
655,1175470,1
656,1175480,1
657,1175490,1
658,1175490,2
659,1175500,1
660,1175510,1
661,1175550,1
662,1175590,1
663,1175640,1
664,1175640,3
665,1175650,1
666,1175720,1
667,1175830,1
668,1175880,1
669,1174980,1
670,1174990,1
671,1175060,1
672,1175070,1
673,1175080,1
674,1175140,1
675,1175140,3
676,1175160,1
677,1175170,1
678,1175190,1
679,1175200,1
680,1175250,1
681,1175360,1
682,1175390,1
683,1175420,1
684,1175430,1
685,1175430,2
686,1175430,3
687,1174670,1
688,1174670,2
689,1174690,1
690,1174720,1
691,1174780,1
692,1174810,1
693,1174830,1
694,1174830,2
695,1174830,3
696,1174860,1
697,1174890,1
698,1174890,2
699,1174170,1
700,1174170,2
701,1174170,3
702,1174260,1
703,1174320,1
704,1174320,2
705,1174390,1
706,1174400,1
707,1174420,1
708,1174420,2
709,1174430,1
710,1174430,3
711,1174440,1
712,1174490,1
713,1174490,3
714,1174500,1
715,1174500,2
716,1174500,3
717,1174550,1
718,1173870,1
719,1173940,1
720,1174090,1
721,1174120,1
722,1173500,1
723,1173510,1
724,1173610,1
725,1173630,1
726,1173650,1
727,1173700,1
728,1173730,1
729,1173790,1
730,1173830,1
731,1173850,1
732,1173110,1
733,1173120,1
734,1173150,1
735,1173200,1
736,1173230,1
737,1173230,2
738,1173240,1
739,1173240,2
740,1173250,1
741,1173260,1
742,1173270,1
743,1173270,3
744,1173310,1
745,1173340,1
746,1173340,2
747,1173340,3
748,1173350,1
749,1173370,1
750,1173380,1
751,1173410,1
752,1172620,1
753,1172640,1
754,1172720,1
755,1172760,1
756,1172760,2
757,1172940,1
758,1173010,1
759,1173010,2
760,1173010,3
761,1172080,1
762,1172150,1
763,1172170,1
764,1172220,1
765,1172290,1
766,1172340,1
767,1172380,1
768,1172390,1
769,1172410,1
770,1172430,1
771,1172480,1
772,1172480,2
773,1172500,1
774,1172500,2
775,1172510,1
776,1172510,2
777,1172520,1
778,1172520,2
779,1172530,1
780,1172530,2
781,1171620,1
782,1171620,2
783,1171640,1
784,1171640,2
785,1171660,1
786,1171770,1
787,1171820,1
788,1171820,2
789,1171820,3
790,1171840,1
791,1171840,2
792,1171840,3
793,1171870,1
794,1171880,1
795,1171950,1
796,1172000,1
797,1172000,2
798,1172000,3
799,1172050,1
800,1172060,1
801,1171240,1
802,1171260,1
803,1171260,2
804,1171270,1
805,1171310,1
806,1171350,1
807,1171370,1
808,1171440,1
809,1171560,1
810,1171570,1
811,1171570,2
812,1170830,1
813,1170840,1
814,1170960,1
815,1170980,1
816,1171030,1
817,1171070,1
818,1171080,1
819,1171120,1
820,1171130,1
821,1171160,1
822,1171160,2
823,1171160,3
824,1170610,1
825,1170630,1
826,1170760,1
827,1170400,1
828,1169920,1
829,1169920,3
830,1170050,1
831,1170060,1
832,1170110,1
833,1170120,1
834,1170160,1
835,1170170,1
836,1170180,1
837,1170180,2
838,1170190,1
839,1170210,1
840,1170290,1
841,1170300,1
842,1170300,2
843,1170300,3
844,1170320,1
845,1170330,1
846,1170330,3
847,1170340,1
848,1170340,2
849,1170340,3
850,1170350,1
851,1169510,1
852,1169690,1
853,1169740,1
854,1169740,2
855,1169740,3
856,1169770,1
857,1169880,1
858,1169020,1
859,1169030,1
860,1169040,1
861,1169050,1
862,1169060,1
863,1169070,1
864,1169100,1
865,1169100,2
866,1169160,1
867,1169310,1
868,1169420,1
869,1169430,1
870,1168600,1
871,1168630,1
872,1168630,2
873,1168630,3
874,1168650,1
875,1168820,1
876,1168830,1
877,1168850,1
878,1168870,1
879,1168870,3
880,1168880,1
881,1168880,2
882,1168880,3
883,1168940,1
884,1168960,1
885,1168970,1
886,1168980,1
887,1168990,1
888,1168290,1
889,1168320,1
890,1168360,1
891,1168420,1
892,1168420,2
893,1168470,1
894,1168470,2
895,1167760,1
896,1167770,1
897,1167800,1
898,1167800,2
899,1167850,1
900,1167850,2
901,1167950,1
902,1167970,1
903,1168050,1
904,1168060,1
905,1168070,1
906,1168170,1
907,1167320,1
908,1167380,1
909,1167450,1
910,1167460,1
911,1167470,1
912,1167470,2
913,1167470,3
914,1167530,1
915,1167540,1
916,1167550,1
917,1167630,1
918,1167640,1
919,1167640,2
920,1167640,3
921,1167650,1
922,1167710,1
923,1167710,2
924,1166860,1
925,1166860,2
926,1166980,1
927,1166980,2
928,1167090,1
929,1167170,1
930,1167170,2
931,1167170,3
932,1167270,1
933,1166490,1
934,1166510,1
935,1166580,1
936,1166600,1
937,1166600,2
938,1166600,3
939,1166730,1
940,1166730,3
941,1166740,1
942,1166760,1
943,1166800,1
944,1166800,2
945,1166800,3
946,1166840,1
947,1166840,2
948,1166840,3
949,1166110,1
950,1166110,2
951,1166110,3
952,1166120,1
953,1166130,1
954,1166230,1
955,1166230,2
956,1166240,1
957,1166250,1
958,1166290,1
959,1166290,2
960,1166290,3
961,1166320,1
962,1166320,2
963,1166350,1
964,1166350,2
965,1165740,1
966,1165740,2
967,1165750,1
968,1165820,1
969,1165820,2
970,1165830,1
971,1165840,1
972,1165860,1
973,1165870,1
974,1165910,1
975,1165960,1
976,1166000,1
977,1166100,1
978,1165140,1
979,1165180,1
980,1165270,1
981,1165280,1
982,1165280,3
983,1165350,1
984,1165380,1
985,1165400,1
986,1165420,1
987,1165420,2
988,1165460,1
989,1165490,1
990,1165540,1
991,1165590,1
992,1164660,1
993,1164690,1
994,1164740,1
995,1164740,3
996,1164750,1
997,1164910,1
998,1164930,1
999,1164970,1
1000,1164990,1
1001,1165020,1
1002,1165020,2
1003,1165020,3
1004,1165090,1
1005,1165100,1
1006,1164290,1
1007,1164310,1
1008,1164330,1
1009,1164440,1
1010,1164470,1
1011,1164470,2
1012,1164520,1
1013,1164550,1
1014,1163730,1
1015,1163910,1
1016,1163950,1
1017,1163960,1
1018,1163980,1
1019,1163990,1
1020,1164000,1
1021,1164010,1
1022,1164050,1
1023,1164050,2
1024,1164060,1
1025,1163290,1
1026,1163300,1
1027,1163300,2
1028,1163320,1
1029,1163340,1
1030,1163340,2
1031,1163460,1
1032,1163470,1
1033,1163490,1
1034,1163500,1
1035,1163550,1
1036,1163560,1
1037,1163570,1
1038,1163570,2
1039,1163590,1
1040,1163600,1
1041,1163620,1
1042,1163660,1
1043,1162880,1
1044,1162900,1
1045,1162920,1
1046,1162950,1
1047,1162950,2
1048,1162950,3
1049,1162960,1
1050,1162960,2
1051,1162960,3
1052,1163040,1
1053,1163090,1
1054,1163140,1
1055,1163150,1
1056,1163170,1
1057,1162520,1
1058,1162520,2
1059,1162560,1
1060,1162560,2
1061,1162590,1
1062,1162630,1
1063,1162630,2
1064,1162640,1
1065,1162640,2
1066,1162650,1
1067,1162670,1
1068,1162670,2
1069,1162680,1
1070,1162690,1
1071,1162690,3
1072,1162730,1
1073,1162750,1
1074,1162750,2
1075,1162750,3
1076,1162760,1
1077,1162170,1
1078,1162280,1
1079,1162290,1
1080,1162320,1
1081,1162350,1
1082,1162370,1
1083,1162430,1
1084,1162430,2
1085,1162430,3
1086,1162440,1
1087,1162470,1
1088,1162470,2
1089,1162480,1
1090,1161660,1
1091,1161670,1
1092,1161680,1
1093,1161870,1
1094,1161880,1
1095,1161880,2
1096,1161880,3
1097,1161900,1
1098,1161910,1
1099,1161910,3
1100,1161930,1
1101,1162010,1
1102,1162050,1
1103,1162070,1
1104,1162130,1
1105,1161270,1
1106,1161300,1
1107,1161320,1
1108,1161330,1
1109,1161330,2
1110,1161330,3
1111,1161360,1
1112,1161430,1
1113,1161490,1
1114,1161510,1
1115,1161570,1
1116,1161650,1
1117,1161650,2
1118,1161650,3
1119,1160700,1
1120,1160780,1
1121,1160790,1
1122,1160800,1
1123,1160820,1
1124,1160820,2
1125,1160850,1
1126,1160870,1
1127,1160880,1
1128,1160900,1
1129,1160950,1
1130,1160950,2
1131,1160950,3
1132,1160980,1
1133,1160980,3
1134,1161120,1
1135,1161180,1
1136,1161190,1
1137,1160410,1
1138,1160440,1
1139,1160440,2
1140,1160480,1
1141,1160500,1
1142,1160580,1
1143,1160610,1
1144,1160620,1
1145,1160670,1
1146,1160100,1
1147,1160190,1
1148,1160330,1
1149,1160360,1
1150,1159640,1
1151,1159680,1
1152,1159700,1
1153,1159770,1
1154,1159890,1
1155,1159940,1
1156,1160020,1
1157,1160040,1
1158,1160040,2
1159,1160040,3
1160,1160050,1
1161,1159360,1
1162,1159450,1
1163,1159480,1
1164,1159500,1
1165,1159500,2
1166,1159500,3
1167,1159520,1
1168,1159520,3
1169,1159540,1
1170,1159590,1
1171,1159610,1
1172,1158820,1
1173,1158830,1
1174,1158840,1
1175,1158840,2
1176,1158850,1
1177,1158910,1
1178,1158970,1
1179,1159020,1
1180,1159260,1
1181,1158310,1
1182,1158310,2
1183,1158310,3
1184,1158320,1
1185,1158390,1
1186,1158410,1
1187,1158430,1
1188,1158430,2
1189,1158430,3
1190,1158470,1
1191,1158470,3
1192,1158650,1
1193,1158690,1
1194,1158720,1
1195,1157850,1
1196,1157850,3
1197,1157860,1
1198,1157860,3
1199,1157890,1
1200,1157910,1
1201,1157940,1
1202,1157980,1
1203,1158010,1
1204,1158150,1
1205,1158230,1
1206,1158260,1
1207,1158280,1
1208,1158290,1
1209,1158290,2
1210,1157620,1
1211,1157620,2
1212,1157620,3
1213,1157640,1
1214,1157640,2
1215,1157640,3
1216,1157650,1
1217,1157670,1
1218,1157750,1
1219,1157780,1
1220,1157810,1
1221,1157820,1
1222,1156910,1
1223,1156980,1
1224,1156980,2
1225,1156980,3
1226,1157010,1
1227,1157040,1
1228,1157080,1
1229,1157120,1
1230,1157220,1
1231,1157220,3
1232,1157260,1
1233,1157300,1
1234,1157320,1
1235,1157340,1
1236,1156420,1
1237,1156550,1
1238,1156550,3
1239,1156590,1
1240,1156630,1
1241,1156630,2
1242,1156630,3
1243,1156640,1
1244,1156640,3
1245,1156650,1
1246,1156670,1
1247,1156670,3
1248,1156680,1
1249,1156730,1
1250,1156780,1
1251,1156810,1
1252,1156900,1
1253,1155930,1
1254,1155940,1
1255,1155950,1
1256,1155960,1
1257,1155980,1
1258,1155990,1
1259,1156000,1
1260,1156000,2
1261,1156030,1
1262,1156050,1
1263,1156120,1
1264,1156120,3
1265,1156130,1
1266,1156130,2
1267,1156200,1
1268,1156250,1
1269,1156360,1
1270,1155460,1
1271,1155460,2
1272,1155480,1
1273,1155490,1
1274,1155490,2
1275,1155500,1
1276,1155560,1
1277,1155620,1
1278,1155660,1
1279,1155670,1
1280,1155680,1
1281,1155720,1
1282,1155720,2
1283,1155720,3
1284,1155790,1
1285,1155800,1
1286,1155810,1
1287,1155830,1
1288,1155880,1
1289,1155880,2
1290,1155910,1
1291,1155910,2
1292,1155920,1
1293,1154990,1
1294,1155090,1
1295,1155130,1
1296,1155230,1
1297,1155290,1
1298,1155340,1
1299,1155410,1
1300,1155410,3
1301,1155420,1
1302,1154560,1
1303,1154560,2
1304,1154640,1
1305,1154650,1
1306,1154680,1
1307,1154700,1
1308,1154730,1
1309,1154790,1
1310,1154810,1
1311,1154840,1
1312,1154850,1
1313,1154940,1
1314,1154940,2
1315,1154080,1
1316,1154080,2
1317,1154110,1
1318,1154110,2
1319,1154110,3
1320,1154160,1
1321,1154210,1
1322,1154290,1
1323,1154300,1
1324,1154300,3
1325,1154340,1
1326,1154480,1
1327,1154490,1
1328,1153550,1
1329,1153570,1
1330,1153670,1
1331,1153690,1
1332,1153700,1
1333,1153730,1
1334,1153840,1
1335,1153850,1
1336,1153850,2
1337,1153860,1
1338,1153890,1
1339,1153930,1
1340,1153980,1
1341,1153980,2
1342,1153990,1
1343,1154010,1
1344,1153200,1
1345,1153220,1
1346,1153250,1
1347,1153260,1
1348,1153330,1
1349,1153370,1
1350,1153370,2
1351,1153430,1
1352,1153460,1
1353,1153470,1
1354,1152670,1
1355,1152800,1
1356,1152810,1
1357,1152820,1
1358,1152830,1
1359,1152840,1
1360,1152900,1
1361,1152920,1
1362,1152950,1
1363,1153040,1
1364,1153040,2
1365,1153040,3
1366,1153070,1
1367,1153100,1
1368,1153110,1
1369,1152160,1
1370,1152300,1
1371,1152310,1
1372,1152320,1
1373,1152360,1
1374,1152420,1
1375,1152440,1
1376,1152450,1
1377,1152450,2
1378,1152450,3
1379,1152480,1
1380,1152540,1
1381,1152580,1
1382,1152580,2
1383,1152640,1
1384,1151770,1
1385,1151840,1
1386,1151930,1
1387,1151940,1
1388,1152020,1
1389,1152040,1
1390,1152050,1
1391,1152050,2
1392,1152050,3
1393,1152090,1
1394,1152120,1
1395,1151310,1
1396,1151400,1
1397,1151400,2
1398,1151430,1
1399,1151430,2
1400,1151440,1
1401,1151450,1
1402,1151500,1
1403,1151580,1
1404,1151600,1
1405,1151620,1
1406,1151630,1
1407,1151650,1
1408,1151670,1
1409,1151680,1
1410,1151740,1
1411,1151750,1
1412,1150790,1
1413,1150800,1
1414,1150810,1
1415,1150890,1
1416,1150950,1
1417,1150950,2
1418,1151080,1
1419,1151080,2
1420,1151080,3
1421,1151120,1
1422,1151160,1
1423,1151180,1
1424,1151180,2
1425,1151180,3
1426,1151200,1
1427,1151250,1
1428,1150270,1
1429,1150310,1
1430,1150400,1
1431,1150400,2
1432,1150460,1
1433,1150500,1
1434,1150500,2
1435,1150500,3
1436,1150540,1
1437,1150550,1
1438,1150580,1
1439,1150590,1
1440,1150610,1
1441,1150620,1
1442,1150720,1
1443,1150730,1
1444,1150730,2
1445,1150730,3
1446,1149930,1
1447,1150070,1
1448,1150070,2
1449,1150070,3
1450,1150090,1
1451,1150090,2
1452,1150090,3
1453,1150130,1
1454,1150160,1
1455,1149440,1
1456,1149510,1
1457,1149550,1
1458,1149580,1
1459,1149580,2
1460,1149580,3
1461,1149590,1
1462,1149660,1
1463,1149690,1
1464,1149690,2
1465,1149690,3
1466,1149700,1
1467,1149710,1
1468,1149860,1
1469,1149860,2
1470,1149860,3
1471,1149080,1
1472,1149090,1
1473,1149120,1
1474,1149190,1
1475,1149200,1
1476,1149200,3
1477,1149210,1
1478,1149220,1
1479,1149370,1
1480,1148550,1
1481,1148550,2
1482,1148590,1
1483,1148620,1
1484,1148650,1
1485,1148670,1
1486,1148670,3
1487,1148680,1
1488,1148680,3
1489,1148710,1
1490,1148730,1
1491,1148730,2
1492,1148730,3
1493,1148740,1
1494,1148750,1
1495,1148750,3
1496,1148770,1
1497,1148770,2
1498,1148890,1
1499,1148910,1
1500,1148920,1
1501,1148930,1
1502,1148940,1
1503,1148960,1
1504,1148980,1
1505,1148080,1
1506,1148080,2
1507,1148090,1
1508,1148090,2
1509,1148150,1
1510,1148150,2
1511,1148260,1
1512,1148260,2
1513,1148270,1
1514,1148270,3
1515,1148290,1
1516,1148290,2
1517,1148290,3
1518,1148320,1
1519,1148360,1
1520,1148430,1
1521,1148450,1
1522,1148450,2
1523,1148460,1
1524,1148470,1
1525,1148480,1
1526,1148500,1
1527,1148500,3
1528,1148510,1
1529,1148510,2
1530,1148530,1
1531,1148530,2
1532,1148540,1
1533,1148540,2
1534,1147710,1
1535,1147760,1
1536,1147760,3
1537,1147840,1
1538,1147850,1
1539,1147940,1
1540,1147940,2
1541,1147940,3
1542,1147960,1
1543,1147970,1
1544,1147980,1
1545,1148000,1
1546,1148010,1
1547,1147370,1
1548,706200,1
1549,706240,1
1550,706240,2
1551,706280,1
1552,706320,1
1553,706330,1
1554,706350,1
1555,706370,1
1556,706380,1
1557,706390,1
1558,706440,1
1559,706490,1
1560,706520,1
1561,706560,1
1562,706560,2
1563,706570,1
1564,705700,1
1565,705710,1
1566,705710,2
1567,705710,3
1568,705750,1
1569,705750,2
1570,705750,3
1571,705770,1
1572,705780,1
1573,705780,2
1574,705800,1
1575,705800,3
1576,705870,1
1577,705920,1
1578,705930,1
1579,706010,1
1580,706020,1
1581,706030,1
1582,706130,1
1583,706130,2
1584,705210,1
1585,705210,3
1586,705230,1
1587,705240,1
1588,705250,1
1589,705250,2
1590,705250,3
1591,705260,1
1592,705280,1
1593,705290,1
1594,705300,1
1595,705300,2
1596,705300,3
1597,705340,1
1598,705380,1
1599,705390,1
1600,705440,1
1601,705450,1
1602,705500,1
1603,705500,2
1604,705500,3
1605,706510,1
1606,706510,2
1607,706510,3
1608,1197280,1
1609,1196320,1
1610,1190840,1
1611,1188100,1
1612,1184480,1
1613,1179220,1
1614,1176560,1
1615,1174900,1
1616,1170750,1
1617,1170750,3
1618,1166780,1
1619,1165610,1
1620,1165610,2
1621,1165920,1
1622,1165920,2
1623,1165920,3
1624,1164410,1
1625,1164410,3
1626,1161440,1
1627,1160490,1
1628,1154720,1
1629,1153540,1
1630,1152890,1
1631,506030,1
1632,506090,1
1633,506090,2
1634,506090,3
1635,506140,1
1636,506150,1
1637,506150,2
1638,506150,3
1639,506160,1
1640,506260,1
1641,506470,1
1642,506470,2
1643,506470,3
1644,506500,1
1645,506500,2
1646,506500,3
1647,506510,1
1648,506510,2
1649,506510,3
1650,505550,1
1651,505630,1
1652,505630,2
1653,505640,1
1654,505640,2
1655,505660,1
1656,505680,1
1657,505700,1
1658,505730,1
1659,505730,2
1660,505730,3
1661,505750,1
1662,505750,2
1663,505070,1
1664,505080,1
1665,505090,1
1666,505110,1
1667,505120,1
1668,505140,1
1669,505170,1
1670,505210,1
1671,505210,2
1672,505210,3
1673,505220,1
1674,505270,1
1675,505270,2
1676,505270,3
1677,505290,1
1678,505290,2
1679,505290,3
1680,505330,1
1681,505330,2
1682,505400,1
1683,505400,2
1684,504620,1
1685,504630,1
1686,504660,1
1687,504660,2
1688,504670,1
1689,504690,1
1690,504690,2
1691,504690,3
1692,504700,1
1693,504700,2
1694,504700,3
1695,504710,1
1696,504750,1
1697,504750,2
1698,504750,3
1699,504770,1
1700,504790,1
1701,504790,2
1702,504790,3
1703,504800,1
1704,504800,2
1705,504810,1
1706,504840,1
1707,504850,1
1708,504850,2
1709,504880,1
1710,504920,1
1711,504920,2
1712,504920,3
1713,504980,1
1714,505020,1
1715,505060,1
1716,505060,2
1717,504100,1
1718,504110,1
1719,504130,1
1720,504130,2
1721,504130,3
1722,504210,1
1723,504210,2
1724,504210,3
1725,504230,1
1726,504230,2
1727,504230,3
1728,504240,1
1729,504260,1
1730,504280,1
1731,504310,1
1732,504310,2
1733,504370,1
1734,504380,1
1735,504390,1
1736,504390,2
1737,504390,3
1738,504400,1
1739,504400,2
1740,504410,1
1741,504410,2
1742,504410,3
1743,504420,1
1744,504450,1
1745,504460,1
1746,504470,1
1747,504490,1
1748,504490,2
1749,504490,3
1750,504500,1
1751,504500,2
1752,504500,3
1753,504560,1
1754,504560,2
1755,504560,3
1756,503620,1
1757,503630,1
1758,503650,1
1759,503680,1
1760,503690,1
1761,503700,1
1762,503710,1
1763,503710,2
1764,503730,1
1765,503750,1
1766,503750,2
1767,503750,3
1768,503770,1
1769,503780,1
1770,503780,2
1771,503820,1
1772,503830,1
1773,503860,1
1774,503860,2
1775,503860,3
1776,503900,1
1777,503940,1
1778,503940,3
1779,503950,1
1780,503960,1
1781,503980,1
1782,503980,2
1783,503980,3
1784,504000,1
1785,504000,2
1786,504000,3
1787,504010,1
1788,504050,1
1789,504050,2
1790,504050,3
1791,504090,1
1792,503090,1
1793,503100,1
1794,503130,1
1795,503140,1
1796,503150,1
1797,503150,2
1798,503150,3
1799,503180,1
1800,503210,1
1801,503210,2
1802,503280,1
1803,503290,1
1804,503300,1
1805,503300,2
1806,503340,1
1807,503350,1
1808,503350,2
1809,503350,3
1810,503370,1
1811,503390,1
1812,503400,1
1813,503410,1
1814,503450,1
1815,503460,1
1816,503460,2
1817,503460,3
1818,503480,1
1819,503550,1
1820,503550,2
1821,503550,3
1822,503560,1
1823,503560,2
1824,503580,1
1825,502600,1
1826,502650,1
1827,502700,1
1828,502740,1
1829,502750,1
1830,502770,1
1831,502780,1
1832,502800,1
1833,502810,1
1834,502820,1
1835,502880,1
1836,502910,1
1837,502920,1
1838,502940,1
1839,502990,1
1840,503010,1
1841,503050,1
1842,503060,1
1843,503070,1
1844,503080,1
1845,502090,1
1846,502100,1
1847,502140,1
1848,502150,1
1849,502200,1
1850,502210,1
1851,502210,2
1852,502210,3
1853,502230,1
1854,502240,1
1855,502240,2
1856,502280,1
1857,502300,1
1858,502320,1
1859,502320,2
1860,502340,1
1861,502370,1
1862,502400,1
1863,502400,2
1864,502410,1
1865,502420,1
1866,502430,1
1867,502440,1
1868,502450,1
1869,502460,1
1870,502470,1
1871,502480,1
1872,502520,1
1873,502520,2
1874,502530,1
1875,502540,1
1876,502540,2
1877,502550,1
1878,502550,2
1879,501740,1
1880,501760,1
1881,501840,1
1882,501840,2
1883,501840,3
1884,501850,1
1885,501850,2
1886,501860,1
1887,501860,3
1888,501930,1
1889,501940,1
1890,501950,1
1891,501970,1
1892,501990,1
1893,501180,1
1894,501190,1
1895,501190,2
1896,501190,3
1897,501220,1
1898,501220,2
1899,501220,3
1900,501270,1
1901,501270,2
1902,501300,1
1903,501310,1
1904,501320,1
1905,501320,2
1906,501350,1
1907,501410,1
1908,501430,1
1909,501440,1
1910,501450,1
1911,501480,1
1912,501500,1
1913,501530,1
1914,501590,1
1915,501610,1
1916,500690,1
1917,500690,3
1918,500710,1
1919,500710,2
1920,500710,3
1921,500750,1
1922,500760,1
1923,500790,1
1924,500790,2
1925,500790,3
1926,500810,1
1927,500870,1
1928,500880,1
1929,500920,1
1930,500940,1
1931,500980,1
1932,501020,1
1933,501030,1
1934,501050,1
1935,501060,1
1936,501080,1
1937,501090,1
1938,501110,1
1939,500260,1
1940,500320,1
1941,500320,2
1942,500340,1
1943,500350,1
1944,500360,1
1945,500420,1
1946,500420,2
1947,500420,3
1948,500470,1
1949,500480,1
1950,500500,1
1951,500550,1
1952,500580,1
1953,500590,1
1954,500670,1
1955,500670,2
1956,500680,1
1957,500110,1
1958,500120,1
1959,500140,1
1960,500170,1
1961,500180,1
1962,500190,1
1963,500220,1
1964,499610,1
1965,499620,1
1966,499660,1
1967,499760,1
1968,499890,1
1969,499900,1
1970,499940,1
1971,500090,1
1972,499230,1
1973,499330,1
1974,499330,2
1975,499330,3
1976,499340,1
1977,499340,2
1978,499370,1
1979,499400,1
1980,499420,1
1981,499440,1
1982,499440,2
1983,499440,3
1984,499460,1
1985,499510,1
1986,499520,1
1987,499540,1
1988,498720,1
1989,498720,2
1990,498720,3
1991,498740,1
1992,498830,1
1993,498850,1
1994,498940,1
1995,498940,2
1996,498980,1
1997,498990,1
1998,499070,1
1999,499100,1
2000,499110,1
2001,499120,1
2002,499140,1
2003,499140,2
2004,499140,3
2005,499210,1
2006,498240,1
2007,498280,1
2008,498300,1
2009,498310,1
2010,498310,2
2011,498310,3
2012,498330,1
2013,498330,2
2014,498330,3
2015,498340,1
2016,498360,1
2017,498370,1
2018,498380,1
2019,498450,1
2020,498460,1
2021,498500,1
2022,498500,2
2023,498500,3
2024,498550,1
2025,498570,1
2026,498570,2
2027,498580,1
2028,498600,1
2029,498620,1
2030,498630,1
2031,498660,1
2032,498660,2
2033,498680,1
2034,498700,1
2035,497850,1
2036,497860,1
2037,497880,1
2038,497940,1
2039,498000,1
2040,498000,2
2041,498000,3
2042,498030,1
2043,498040,1
2044,498050,1
2045,498190,1
2046,497400,1
2047,497400,2
2048,497420,1
2049,497440,1
2050,497450,1
2051,497460,1
2052,497470,1
2053,497480,1
2054,497510,1
2055,497510,2
2056,497560,1
2057,497580,1
2058,497580,2
2059,497580,3
2060,497590,1
2061,497590,3
2062,497640,1
2063,497670,1
2064,497670,2
2065,497670,3
2066,497680,1
2067,497680,2
2068,497680,3
2069,497700,1
2070,497710,1
2071,497710,2
2072,497710,3
2073,497720,1
2074,497720,2
2075,497720,3
2076,497730,1
2077,497730,2
2078,497780,1
2079,497780,2
2080,497780,3
2081,497790,1
2082,497800,1
2083,497800,2
2084,497800,3
2085,497820,1
2086,496890,1
2087,496890,2
2088,496910,1
2089,496930,1
2090,496930,2
2091,496930,3
2092,496940,1
2093,496950,1
2094,496960,1
2095,496980,1
2096,496990,1
2097,496990,2
2098,497000,1
2099,497020,1
2100,497020,2
2101,497020,3
2102,497040,1
2103,497050,1
2104,497060,1
2105,497080,1
2106,497080,2
2107,497080,3
2108,497100,1
2109,497150,1
2110,497160,1
2111,497180,1
2112,497190,1
2113,497190,3
2114,497260,1
2115,497270,1
2116,497280,1
2117,497300,1
2118,497310,1
2119,497360,1
2120,496440,1
2121,496440,2
2122,496440,3
2123,496460,1
2124,496480,1
2125,496490,1
2126,496530,1
2127,496530,2
2128,496550,1
2129,496550,2
2130,496550,3
2131,496590,1
2132,496590,2
2133,496590,3
2134,496610,1
2135,496620,1
2136,496620,2
2137,496630,1
2138,496630,2
2139,496630,3
2140,496640,1
2141,496650,1
2142,496650,2
2143,496650,3
2144,496660,1
2145,496670,1
2146,496680,1
2147,496680,2
2148,496680,3
2149,496690,1
2150,496730,1
2151,496740,1
2152,496750,1
2153,496760,1
2154,496790,1
2155,496810,1
2156,496820,1
2157,496820,2
2158,496820,3
2159,496850,1
2160,496850,2
2161,496850,3
2162,496030,1
2163,496070,1
2164,496080,1
2165,496120,1
2166,496190,1
2167,496230,1
2168,496250,1
2169,496260,1
2170,496290,1
2171,496290,2
2172,496300,1
2173,496300,2
2174,496300,3
2175,496310,1
2176,496310,2
2177,496320,1
2178,496340,1
2179,496340,2
2180,496350,1
2181,496360,1
2182,496380,1
2183,496390,1
2184,496400,1
2185,495540,1
2186,495550,1
2187,495560,1
2188,495570,1
2189,495570,2
2190,495580,1
2191,495580,2
2192,495580,3
2193,495600,1
2194,495600,2
2195,495600,3
2196,495680,1
2197,495680,2
2198,495680,3
2199,495700,1
2200,495720,1
2201,495730,1
2202,495760,1
2203,495760,2
2204,495770,1
2205,495780,1
2206,495780,2
2207,495820,1
2208,495820,3
2209,495830,1
2210,495890,1
2211,495900,1
2212,495910,1
2213,495960,1
2214,495960,2
2215,495990,1
2216,496000,1
2217,495050,1
2218,495090,1
2219,495090,2
2220,495090,3
2221,495110,1
2222,495110,2
2223,495110,3
2224,495140,1
2225,495200,1
2226,495230,1
2227,495280,1
2228,495280,2
2229,495280,3
2230,495290,1
2231,495300,1
2232,495320,1
2233,495390,1
2234,495520,1
2235,494580,1
2236,494580,2
2237,494600,1
2238,494670,1
2239,494670,2
2240,494700,1
2241,494720,1
2242,494740,1
2243,494780,1
2244,494790,1
2245,494810,1
2246,494830,1
2247,494850,1
2248,494960,1
2249,494970,1
2250,494970,2
2251,494980,1
2252,494990,1
2253,494990,2
2254,494990,3
2255,495010,1
2256,495030,1
2257,494160,1
2258,494170,1
2259,494220,1
2260,494220,2
2261,494230,1
2262,494230,2
2263,494290,1
2264,494310,1
2265,494350,1
2266,494360,1
2267,494370,1
2268,494380,1
2269,494430,1
2270,494440,1
2271,494450,1
2272,494460,1
2273,494470,1
2274,494530,1
2275,493670,1
2276,493710,1
2277,493710,2
2278,493710,3
2279,493720,1
2280,493720,2
2281,493720,3
2282,493770,1
2283,493770,2
2284,493780,1
2285,493790,1
2286,493810,1
2287,493820,1
2288,493840,1
2289,493900,1
2290,493900,2
2291,493900,3
2292,493920,1
2293,493980,1
2294,494000,1
2295,494000,2
2296,494020,1
2297,494040,1
2298,494050,1
2299,494050,2
2300,494050,3
2301,494090,1
2302,494100,1
2303,494120,1
2304,493180,1
2305,493200,1
2306,493220,1
2307,493290,1
2308,493310,1
2309,493320,1
2310,493340,1
2311,493340,2
2312,493380,1
2313,493410,1
2314,493450,1
2315,493490,1
2316,493500,1
2317,493540,1
2318,493540,2
2319,493540,3
2320,493580,1
2321,493620,1
2322,493650,1
2323,493000,1
2324,493000,3
2325,493040,1
2326,493060,1
2327,493060,2
2328,493060,3
2329,493080,1
2330,493080,2
2331,493100,1
2332,493110,1
2333,492710,1
2334,492800,1
2335,492800,2
2336,492800,3
2337,492850,1
2338,492860,1
2339,492870,1
2340,492170,1
2341,492180,1
2342,492200,1
2343,492200,2
2344,492220,1
2345,492220,2
2346,492230,1
2347,492270,1
2348,492280,1
2349,492280,2
2350,492290,1
2351,492340,1
2352,492340,2
2353,492340,3
2354,492370,1
2355,492370,2
2356,492370,3
2357,492400,1
2358,492400,2
2359,492410,1
2360,492410,2
2361,492430,1
2362,492430,2
2363,492490,1
2364,492500,1
2365,492530,1
2366,492560,1
2367,492600,1
2368,492610,1
2369,492610,2
2370,491650,1
2371,491660,1
2372,491670,1
2373,491700,1
2374,491700,2
2375,491710,1
2376,491720,1
2377,491770,1
2378,491790,1
2379,491800,1
2380,491830,1
2381,491950,1
2382,491950,2
2383,491950,3
2384,492080,1
2385,492080,2
2386,492080,3
2387,492090,1
2388,492160,1
2389,491280,1
2390,491330,1
2391,491330,2
2392,491330,3
2393,491350,1
2394,491390,1
2395,491420,1
2396,491440,1
2397,491470,1
2398,491470,2
2399,491510,1
2400,491520,1
2401,491530,1
2402,491560,1
2403,491560,2
2404,491580,1
2405,490820,1
2406,490820,2
2407,490820,3
2408,490860,1
2409,490870,1
2410,490880,1
2411,490890,1
2412,490910,1
2413,490910,2
2414,490920,1
2415,490930,1
2416,490930,2
2417,490930,3
2418,490950,1
2419,490950,2
2420,490950,3
2421,490980,1
2422,490990,1
2423,491000,1
2424,491010,1
2425,491010,3
2426,491020,1
2427,491040,1
2428,491070,1
2429,491070,2
2430,491090,1
2431,491090,2
2432,491090,3
2433,491100,1
2434,491110,1
2435,491110,2
2436,491130,1
2437,491160,1
2438,491180,1
2439,491210,1
2440,491220,1
2441,491220,2
2442,491240,1
2443,491260,1
2444,490280,1
2445,490300,1
2446,490300,2
2447,490370,1
2448,490370,2
2449,490370,3
2450,490380,1
2451,490380,2
2452,490390,1
2453,490430,1
2454,490430,2
2455,490450,1
2456,490490,1
2457,490510,1
2458,490690,1
2459,490690,2
2460,490690,3
2461,489930,1
2462,489930,2
2463,489940,1
2464,490040,1
2465,490080,1
2466,490080,2
2467,490080,3
2468,490100,1
2469,490160,1
2470,490160,2
2471,490160,3
2472,490170,1
2473,490220,1
2474,490220,2
2475,490230,1
2476,490230,3
2477,490250,1
2478,490250,3
2479,489570,1
2480,489580,1
2481,489600,1
2482,489610,1
2483,489610,2
2484,489610,3
2485,489660,1
2486,489700,1
2487,489720,1
2488,489720,2
2489,489720,3
2490,489730,1
2491,489740,1
2492,489760,1
2493,489760,2
2494,489760,3
2495,489810,1
2496,489810,2
2497,489830,1
2498,489900,1
2499,489070,1
2500,489080,1
2501,489100,1
2502,489110,1
2503,489110,2
2504,489120,1
2505,489120,2
2506,489140,1
2507,489140,2
2508,489140,3
2509,489160,1
2510,489170,1
2511,489220,1
2512,489240,1
2513,489260,1
2514,489360,1
2515,489360,2
2516,489370,1
2517,489380,1
2518,489400,1
2519,489440,1
2520,489440,2
2521,489460,1
2522,489460,2
2523,489460,3
2524,489470,1
2525,488821,1
2526,488822,1
2527,488823,1
2528,488824,1
2529,488890,1
2530,488910,1
2531,488920,1
2532,488950,1
2533,488960,1
2534,488960,2
2535,488960,3
2536,489000,1
2537,489000,2
2538,489000,3
2539,489020,1
2540,489050,1
2541,488310,1
2542,488330,1
2543,488350,1
2544,488360,1
2545,488440,1
2546,488440,2
2547,488440,3
2548,488460,1
2549,488460,2
2550,488460,3
2551,488480,1
2552,488480,2
2553,488500,1
2554,488550,1
2555,488580,1
2556,488580,2
2557,488590,1
2558,488660,1
2559,488660,2
2560,488660,3
2561,488690,1
2562,488690,2
2563,488690,3
2564,488730,1
2565,488760,1
2566,488770,1
2567,488770,2
2568,488770,3
2569,488790,1
2570,487720,1
2571,487730,1
2572,487770,1
2573,488020,1
2574,488040,1
2575,488070,1
2576,488080,1
2577,488150,1
2578,488210,1
2579,488220,1
2580,488280,1
2581,488300,1
2582,487330,1
2583,487330,2
2584,487350,1
2585,487350,2
2586,487370,1
2587,487430,1
2588,487530,1
2589,487580,1
2590,487590,1
2591,487600,1
2592,487630,1
2593,486780,1
2594,486810,1
2595,486850,1
2596,486890,1
2597,486890,2
2598,486940,1
2599,486990,1
2600,487000,1
2601,487000,2
2602,487000,3
2603,487020,1
2604,487030,1
2605,487030,2
2606,487040,1
2607,487040,2
2608,487040,3
2609,487120,1
2610,487160,1
2611,487160,2
2612,487160,3
2613,487180,1
2614,487180,2
2615,487220,1
2616,487250,1
2617,486290,1
2618,486300,1
2619,486310,1
2620,486310,2
2621,486310,3
2622,486320,1
2623,486350,1
2624,486360,1
2625,486370,1
2626,486380,1
2627,486380,2
2628,486380,3
2629,486410,1
2630,486440,1
2631,486470,1
2632,486480,1
2633,486490,1
2634,486500,1
2635,486500,3
2636,486510,1
2637,486540,1
2638,486550,1
2639,486550,2
2640,486630,1
2641,486640,1
2642,486640,3
2643,486650,1
2644,486660,1
2645,486670,1
2646,486690,1
2647,486720,1
2648,486760,1
2649,485890,1
2650,485900,1
2651,485920,1
2652,485950,1
2653,485970,1
2654,485970,2
2655,485970,3
2656,485980,1
2657,486020,1
2658,486120,1
2659,486120,2
2660,486130,1
2661,486130,2
2662,486130,3
2663,486140,1
2664,486150,1
2665,486150,2
2666,486170,1
2667,486180,1
2668,486180,2
2669,486180,3
2670,486230,1
2671,486230,2
2672,486230,3
2673,485340,1
2674,485340,2
2675,485340,3
2676,485350,1
2677,485350,3
2678,485360,1
2679,485370,1
2680,485380,1
2681,485380,2
2682,485390,1
2683,485430,1
2684,485460,1
2685,485460,2
2686,485490,1
2687,485500,1
2688,485570,1
2689,485590,1
2690,485600,1
2691,485620,1
2692,485630,1
2693,485640,1
2694,485650,1
2695,485660,1
2696,485670,1
2697,485670,2
2698,485670,3
2699,485680,1
2700,485680,2
2701,485680,3
2702,485690,1
2703,485730,1
2704,485750,1
2705,485790,1
2706,485800,1
2707,485800,2
2708,485820,1
2709,485830,1
2710,485860,1
2711,485870,1
2712,485870,2
2713,485880,1
2714,484930,1
2715,484950,1
2716,484990,1
2717,485000,1
2718,485000,2
2719,485030,1
2720,485040,1
2721,485080,1
2722,485080,2
2723,485080,3
2724,485110,1
2725,485120,1
2726,485150,1
2727,485160,1
2728,485160,2
2729,485230,1
2730,485240,1
2731,485260,1
2732,485260,2
2733,485270,1
2734,485290,1
2735,485310,1
2736,485330,1
2737,484830,1
2738,484830,2
2739,484830,3
2740,484870,1
2741,484890,1
2742,484900,1
2743,483950,1
2744,483960,1
2745,483970,1
2746,483980,1
2747,484350,1
2748,484390,1
2749,484390,2
2750,483490,1
2751,483680,1
2752,483770,1
2753,483820,1
2754,483850,1
2755,483850,2
2756,482390,1
2757,482450,1
2758,482460,1
2759,482460,2
2760,482460,3
2761,482890,1
2762,482920,1
2763,481950,1
2764,481950,2
2765,482210,1
2766,482300,1
2767,482330,1
2768,481510,1
2769,481510,2
2770,481510,3
2771,481600,1
2772,481870,1
2773,481870,3
2774,481110,1
2775,481110,2
2776,481180,1
2777,481190,1
2778,481190,2
2779,481190,3
2780,480480,1
2781,480490,1
2782,480500,1
2783,480500,2
2784,480640,1
2785,480640,2
2786,480650,1
2787,480690,1
2788,480710,1
2789,480770,1
2790,480900,1
2791,480900,2
2792,479990,1
2793,480410,1
2794,480410,2
2795,480450,1
2796,479100,1
2797,479110,1
2798,479110,2
2799,479130,1
2800,479140,1
2801,479150,1
2802,479170,1
2803,479180,1
2804,479200,1
2805,479310,1
2806,479330,1
2807,478950,1
2808,478960,1
2809,478980,1
2810,478980,2
2811,479000,1
2812,479010,1
2813,479020,1
2814,479040,1
2815,479040,2
2816,479040,3
2817,478210,1
2818,478000,1
2819,478010,1
2820,478020,1
2821,477720,1
2822,477730,1
2823,477740,1
2824,477750,1
2825,477770,1
2826,477800,1
2827,477870,1
2828,477900,1
2829,477900,3
2830,477910,1
2831,477010,1
2832,477120,1
2833,477130,1
2834,477140,1
2835,477160,1
2836,477160,2
2837,477170,1
2838,477180,1
2839,477190,1
2840,477200,1
2841,477200,2
2842,477270,1
2843,477290,1
2844,477290,3
2845,477310,1
2846,476620,1
2847,476650,1
2848,476650,2
2849,476650,3
2850,476670,1
2851,476700,1
2852,476710,1
2853,476710,2
2854,476920,1
2855,476240,1
2856,476240,2
2857,476240,3
2858,476370,1
2859,476420,1
2860,476430,1
2861,476450,1
2862,476460,1
2863,476460,2
2864,476460,3
2865,476490,1
2866,476490,2
2867,476490,3
2868,476510,1
2869,476530,1
2870,476530,2
2871,475960,1
2872,476000,1
2873,476000,2
2874,476000,3
2875,476020,1
2876,476020,2
2877,476020,3
2878,476030,1
2879,475240,1
2880,475490,1
2881,475490,2
2882,475490,3
2883,475520,1
2884,475530,1
2885,475530,2
2886,475530,3
2887,475550,1
2888,475550,2
2889,475550,3
2890,475620,1
2891,475620,2
2892,475630,1
2893,474810,1
2894,474830,1
2895,474880,1
2896,474880,2
2897,474890,1
2898,474910,1
2899,474910,2
2900,474910,3
2901,474960,1
2902,474980,1
2903,474980,2
2904,474980,3
2905,475050,1
2906,475080,1
2907,475090,1
2908,475150,1
2909,475190,1
2910,475190,2
2911,474620,1
2912,474730,1
2913,474750,1
2914,474750,2
2915,474750,3
2916,473910,1
2917,473920,1
2918,473920,2
2919,473950,1
2920,473970,1
2921,473970,2
2922,473970,3
2923,474010,1
2924,474010,2
2925,474010,3
2926,474020,1
2927,474050,1
2928,474210,1
2929,474210,2
2930,474210,3
2931,474240,1
2932,473450,1
2933,473450,2
2934,473450,3
2935,473460,1
2936,473470,1
2937,473470,2
2938,473470,3
2939,473480,1
2940,473510,1
2941,473520,1
2942,473520,2
2943,473520,3
2944,473530,1
2945,473530,2
2946,473530,3
2947,473540,1
2948,473540,2
2949,473540,3
2950,473550,1
2951,473560,1
2952,473610,1
2953,473670,1
2954,473670,2
2955,473670,3
2956,473690,1
2957,473720,1
2958,473770,1
2959,473770,2
2960,473770,3
2961,473780,1
2962,473780,2
2963,473810,1
2964,473840,1
2965,473050,1
2966,473140,1
2967,473140,2
2968,473140,3
2969,472680,1
2970,472690,1
2971,472740,1
2972,472770,1
2973,472830,1
2974,472870,1
2975,472870,2
2976,472870,3
2977,472420,1
2978,472420,2
2979,472420,3
2980,471700,1
2981,471700,2
2982,471700,3
2983,471720,1
2984,471730,1
2985,471770,1
2986,471770,2
2987,471770,3
2988,471810,1
2989,471810,2
2990,471920,1
2991,471920,2
2992,471920,3
2993,472060,1
2994,472060,2
2995,472060,3
2996,471200,1
2997,471220,1
2998,471220,2
2999,471260,1
3000,471260,2
3001,471260,3
3002,471270,1
3003,471330,1
3004,471330,2
3005,471380,1
3006,471380,3
3007,471400,1
3008,471400,2
3009,471400,3
3010,471550,1
3011,471630,1
3012,471640,1
3013,471640,2
3014,471640,3
3015,471660,1
3016,470740,1
3017,470760,1
3018,470780,1
3019,470780,2
3020,470890,1
3021,471010,1
3022,471160,1
3023,471170,1
3024,471170,2
3025,471170,3
3026,470210,1
3027,470220,1
3028,470260,1
3029,470260,2
3030,470270,1
3031,470270,2
3032,470270,3
3033,470280,1
3034,470300,1
3035,470300,2
3036,470300,3
3037,470310,1
3038,470440,1
3039,470450,1
3040,470470,1
3041,470470,2
3042,470470,3
3043,470480,1
3044,470490,1
3045,470580,1
3046,470580,2
3047,470580,3
3048,470590,1
3049,470590,2
3050,470590,3
3051,469730,1
3052,469790,1
3053,469790,2
3054,469790,3
3055,469890,1
3056,469900,1
3057,469920,1
3058,469920,2
3059,469920,3
3060,469990,1
3061,470020,1
3062,470020,2
3063,470020,3
3064,470030,1
3065,470030,2
3066,470030,3
3067,470040,1
3068,470060,1
3069,470090,1
3070,470140,1
3071,470140,3
3072,470170,1
3073,470170,2
3074,470170,3
3075,469550,1
3076,469610,1
3077,469650,1
3078,469710,1
3079,469710,2
3080,469710,3
3081,469720,1
3082,469720,2
3083,468740,1
3084,468780,1
3085,468800,1
3086,468800,2
3087,468800,3
3088,468820,1
3089,468920,1
3090,468930,1
3091,468490,1
3092,468490,2
3093,468490,3
3094,468530,1
3095,468560,1
3096,468570,1
3097,468650,1
3098,468700,1
3099,467890,1
3100,467900,1
3101,467910,1
3102,467930,1
3103,467940,1
3104,467940,2
3105,467940,3
3106,467950,1
3107,467950,2
3108,467960,1
3109,467960,2
3110,467960,3
3111,467990,1
3112,468050,1
3113,468050,2
3114,468050,3
3115,468070,1
3116,468070,2
3117,468080,1
3118,468100,1
3119,468110,1
3120,468130,1
3121,468150,1
3122,468160,1
3123,468170,1
3124,468240,1
3125,468250,1
3126,468310,1
3127,468310,2
3128,468320,1
3129,468330,1
3130,468350,1
3131,467470,1
3132,467470,2
3133,467480,1
3134,467480,2
3135,467490,1
3136,467520,1
3137,467520,2
3138,467570,1
3139,467650,1
3140,467660,1
3141,467710,1
3142,467720,1
3143,467750,1
3144,467760,1
3145,467760,2
3146,467780,1
3147,467780,2
3148,467790,1
3149,467790,2
3150,467790,3
3151,467810,1
3152,467810,2
3153,467810,3
3154,467820,1
3155,467820,2
3156,467820,3
3157,467850,1
3158,467850,2
3159,467090,1
3160,467090,2
3161,467090,3
3162,467170,1
3163,467170,2
3164,467210,1
3165,467210,2
3166,467210,3
3167,467220,1
3168,467220,2
3169,467270,1
3170,467290,1
3171,467290,2
3172,467290,3
3173,467310,1
3174,467320,1
3175,467320,2
3176,467330,1
3177,467350,1
3178,467360,1
3179,467360,2
3180,467360,3
3181,467370,1
3182,467370,2
3183,467380,1
3184,467390,1
3185,467390,2
3186,467390,3
3187,467430,1
3188,467440,1
3189,467440,2
3190,467440,3
3191,466630,1
3192,466630,2
3193,466630,3
3194,466660,1
3195,466660,2
3196,466660,3
3197,466730,1
3198,466740,1
3199,466770,1
3200,466770,3
3201,466800,1
3202,466800,2
3203,466800,3
3204,466810,1
3205,466810,2
3206,466810,3
3207,466820,1
3208,466840,1
3209,466860,1
3210,466870,1
3211,466900,1
3212,466910,1
3213,466910,2
3214,466920,1
3215,466940,1
3216,466980,1
3217,466980,2
3218,466980,3
3219,467000,1
3220,467010,1
3221,466270,1
3222,466270,2
3223,466270,3
3224,466280,1
3225,466280,2
3226,466300,1
3227,466300,2
3228,466300,3
3229,466350,1
3230,466350,2
3231,466350,3
3232,466420,1
3233,466430,1
3234,466430,2
3235,466430,3
3236,466490,1
3237,466490,2
3238,466490,3
3239,466500,1
3240,466520,1
3241,466580,1
3242,465750,1
3243,465750,2
3244,465840,1
3245,465860,1
3246,465870,1
3247,465890,1
3248,465900,1
3249,465920,1
3250,465930,1
3251,465960,1
3252,465970,1
3253,465990,1
3254,466000,1
3255,466010,1
3256,466020,1
3257,466030,1
3258,466040,1
3259,466050,1
3260,466060,1
3261,466070,1
3262,466080,1
3263,466100,1
3264,466110,1
3265,466130,1
3266,466160,1
3267,466210,1
3268,466220,1
3269,465360,1
3270,465440,1
3271,465440,2
3272,465450,1
3273,465490,1
3274,465510,1
3275,465520,1
3276,465540,1
3277,465650,1
3278,465650,2
3279,465650,3
3280,465660,1
3281,465660,2
3282,465670,1
3283,465720,1
3284,465720,2
3285,465720,3
3286,464850,1
3287,464880,1
3288,464900,1
3289,464900,2
3290,464940,1
3291,464950,1
3292,464950,2
3293,464960,1
3294,465000,1
3295,465000,2
3296,465000,3
3297,465010,1
3298,465020,1
3299,465020,3
3300,465050,1
3301,465060,1
3302,465070,1
3303,465090,1
3304,465100,1
3305,465100,2
3306,465100,3
3307,465130,1
3308,465170,1
3309,465170,2
3310,465170,3
3311,465180,1
3312,465190,1
3313,465200,1
3314,465200,2
3315,465200,3
3316,465240,1
3317,465280,1
3318,465280,2
3319,465310,1
3320,464440,1
3321,464450,1
3322,464470,1
3323,464470,2
3324,464470,3
3325,464490,1
3326,464500,1
3327,464530,1
3328,464540,1
3329,464610,1
3330,464610,3
3331,464620,1
3332,464620,2
3333,464620,3
3334,464630,1
3335,464650,1
3336,464670,1
3337,464690,1
3338,464700,1
3339,464740,1
3340,464740,2
3341,464740,3
3342,464780,1
3343,464780,2
3344,464800,1
3345,463980,1
3346,463980,2
3347,464000,1
3348,464020,1
3349,464050,1
3350,464050,2
3351,464060,1
3352,464060,3
3353,464070,1
3354,464080,1
3355,464100,1
3356,464100,2
3357,464100,3
3358,464110,1
3359,464120,1
3360,464170,1
3361,464230,1
3362,464230,2
3363,464230,3
3364,464240,1
3365,464260,1
3366,464260,2
3367,464260,3
3368,464340,1
3369,464340,2
3370,464350,1
3371,464350,2
3372,464350,3
3373,464360,1
3374,464380,1
3375,464380,2
3376,464380,3
3377,464400,1
3378,463670,1
3379,463700,1
3380,463710,1
3381,463710,2
3382,463800,1
3383,463800,2
3384,463830,1
3385,463850,1
3386,463860,1
3387,463860,2
3388,463860,3
3389,463870,1
3390,463880,1
3391,463920,1
3392,463930,1
3393,463930,3
3394,463110,1
3395,463150,1
3396,463160,1
3397,463160,2
3398,463170,1
3399,463180,1
3400,463180,2
3401,463180,3
3402,463210,1
3403,463210,2
3404,463220,1
3405,463220,2
3406,463250,1
3407,463270,1
3408,463290,1
3409,463320,1
3410,463320,2
3411,463320,3
3412,463350,1
3413,463390,1
3414,463390,2
3415,463390,3
3416,463400,1
3417,463430,1
3418,463440,1
3419,463440,2
3420,463440,3
3421,463450,1
3422,463460,1
3423,463470,1
3424,463480,1
3425,463510,1
3426,462630,1
3427,462640,1
3428,462670,1
3429,462680,1
3430,462680,2
3431,462680,3
3432,462700,1
3433,462730,1
3434,462730,2
3435,462730,3
3436,462770,1
3437,462770,2
3438,462770,3
3439,462830,1
3440,462860,1
3441,462860,2
3442,462860,3
3443,462910,1
3444,462930,1
3445,462930,2
3446,462940,1
3447,462940,2
3448,462940,3
3449,462950,1
3450,462950,2
3451,462950,3
3452,462960,1
3453,462960,2
3454,462960,3
3455,462990,1
3456,463000,1
3457,463010,1
3458,463020,1
3459,463020,2
3460,463020,3
3461,463030,1
3462,463060,1
3463,463060,2
3464,463070,1
3465,463100,1
3466,463100,2
3467,463100,3
3468,462220,1
3469,462240,1
3470,462240,2
3471,462250,1
3472,462400,1
3473,462480,1
3474,462520,1
3475,462530,1
3476,462570,1
3477,462580,1
3478,462590,1
3479,462620,1
3480,462620,2
3481,462620,3
3482,461880,1
3483,461880,2
3484,461880,3
3485,461890,1
3486,461890,2
3487,461940,1
3488,461950,1
3489,461950,2
3490,461950,3
3491,461990,1
3492,462000,1
3493,462070,1
3494,462070,2
3495,462100,1
3496,462100,2
3497,462100,3
3498,462110,1
3499,462130,1
3500,461390,1
3501,461390,2
3502,461390,3
3503,461400,1
3504,461400,3
3505,461410,1
3506,461430,1
3507,461430,2
3508,461480,1
3509,461480,2
3510,461490,1
3511,461510,1
3512,461520,1
3513,461560,1
3514,461560,2
3515,461580,1
3516,461590,1
3517,461600,1
3518,461640,1
3519,461650,1
3520,461650,2
3521,461650,3
3522,461680,1
3523,461700,1
3524,461700,2
3525,461700,3
3526,461710,1
3527,461750,1
3528,461760,1
3529,461760,2
3530,461760,3
3531,461780,1
3532,461810,1
3533,461810,2
3534,461820,1
3535,461830,1
3536,461840,1
3537,461840,2
3538,461840,3
3539,461850,1
3540,461860,1
3541,461010,1
3542,461010,2
3543,461010,3
3544,461030,1
3545,461030,2
3546,461030,3
3547,461170,1
3548,461170,2
3549,461180,1
3550,461210,1
3551,461220,1
3552,461220,2
3553,461220,3
3554,461230,1
3555,461230,2
3556,461280,1
3557,461320,1
3558,461340,1
3559,461350,1
3560,461360,1
3561,461370,1
3562,461380,1
3563,460560,1
3564,460580,1
3565,460580,2
3566,460630,1
3567,460640,1
3568,460640,2
3569,460640,3
3570,460650,1
3571,460700,1
3572,460730,1
3573,460750,1
3574,460780,1
3575,460780,2
3576,460790,1
3577,460810,1
3578,460850,1
3579,460910,1
3580,460910,2
3581,460910,3
3582,460920,1
3583,460930,1
3584,460940,1
3585,460960,1
3586,460970,1
3587,460970,2
3588,460970,3
3589,460990,1
3590,460060,1
3591,460060,2
3592,460060,3
3593,460120,1
3594,460140,1
3595,460150,1
3596,460150,2
3597,460160,1
3598,460190,1
3599,460210,1
3600,460210,2
3601,460210,3
3602,460220,1
3603,460230,1
3604,460250,1
3605,460250,2
3606,460340,1
3607,460340,2
3608,460340,3
3609,460430,1
3610,460430,2
3611,460430,3
3612,460470,1
3613,460510,1
3614,460540,1
3615,459610,1
3616,459630,1
3617,459640,1
3618,459680,1
3619,459730,1
3620,459760,1
3621,459780,1
3622,459830,1
3623,459870,1
3624,459880,1
3625,459940,1
3626,459130,1
3627,459130,2
3628,459130,3
3629,459150,1
3630,459160,1
3631,459170,1
3632,459220,1
3633,459260,1
3634,459310,1
3635,459310,2
3636,459310,3
3637,459350,1
3638,459350,2
3639,459350,3
3640,459370,1
3641,459410,1
3642,459470,1
3643,459520,1
3644,459540,1
3645,459550,1
3646,459550,3
3647,459580,1
3648,458660,1
3649,458680,1
3650,458700,1
3651,458730,1
3652,458750,1
3653,458750,2
3654,458760,1
3655,458770,1
3656,458820,1
3657,458830,1
3658,458920,1
3659,458960,1
3660,458990,1
3661,459010,1
3662,459020,1
3663,459040,1
3664,459040,2
3665,459080,1
3666,459080,2
3667,459090,1
3668,459090,2
3669,458200,1
3670,458230,1
3671,458290,1
3672,458330,1
3673,458330,2
3674,458330,3
3675,458360,1
3676,458360,2
3677,458370,1
3678,458380,1
3679,458420,1
3680,458450,1
3681,458470,1
3682,458470,2
3683,458470,3
3684,458480,1
3685,458480,2
3686,458480,3
3687,458490,1
3688,458500,1
3689,458510,1
3690,458520,1
3691,458540,1
3692,458560,1
3693,458580,1
3694,458590,1
3695,458600,1
3696,458630,1
3697,458630,2
3698,458630,3
3699,457710,1
3700,457730,1
3701,457730,2
3702,457730,3
3703,457760,1
3704,457760,2
3705,457760,3
3706,457770,1
3707,457810,1
3708,457810,2
3709,457810,3
3710,457820,1
3711,457860,1
3712,457870,1
3713,457890,1
3714,457890,2
3715,457960,1
3716,457980,1
3717,457980,2
3718,457980,3
3719,458000,1
3720,458000,2
3721,458030,1
3722,458040,1
3723,458060,1
3724,458110,1
3725,458170,1
3726,458180,1
3727,457210,1
3728,457210,2
3729,457210,3
3730,457230,1
3731,457320,1
3732,457340,1
3733,457370,1
3734,457380,1
3735,457420,1
3736,457450,1
3737,457450,2
3738,457480,1
3739,457480,2
3740,457490,1
3741,457490,2
3742,457490,3
3743,457520,1
3744,457530,1
3745,457530,2
3746,457530,3
3747,457570,1
3748,457570,2
3749,457600,1
3750,457650,1
3751,457660,1
3752,457680,1
3753,457680,2
3754,457690,1
3755,456920,1
3756,457010,1
3757,457010,2
3758,457010,3
3759,457130,1
3760,456390,1
3761,456420,1
3762,456430,1
3763,456440,1
3764,456450,1
3765,456540,1
3766,456540,2
3767,456660,1
3768,456670,1
3769,456670,2
3770,456670,3
3771,456690,1
3772,456690,2
3773,456740,1
3774,456750,1
3775,456760,1
3776,456780,1
3777,456810,1
3778,456810,2
3779,456810,3
3780,456830,1
3781,455940,1
3782,455960,1
3783,455960,2
3784,455960,3
3785,455970,1
3786,455980,1
3787,455990,1
3788,455990,2
3789,455990,3
3790,456090,1
3791,456130,1
3792,456130,3
3793,456150,1
3794,456160,1
3795,456170,1
3796,456180,1
3797,456210,1
3798,455590,1
3799,455590,2
3800,455640,1
3801,455700,1
3802,455710,1
3803,455720,1
3804,455770,1
3805,455820,1
3806,455830,1
3807,455830,2
3808,455910,1
3809,455120,1
3810,455190,1
3811,455200,1
3812,455200,2
3813,455230,1
3814,455290,1
3815,455310,1
3816,455310,2
3817,455310,3
3818,455340,1
3819,455400,1
3820,455400,2
3821,455400,3
3822,455440,1
3823,455480,1
3824,455480,2
3825,455480,3
3826,455490,1
3827,454670,1
3828,454680,1
3829,454690,1
3830,454690,2
3831,454690,3
3832,454700,1
3833,454720,1
3834,454720,2
3835,454720,3
3836,454730,1
3837,454750,1
3838,454770,1
3839,454780,1
3840,454780,2
3841,454780,3
3842,454830,1
3843,454870,1
3844,454890,1
3845,454900,1
3846,454900,3
3847,454950,1
3848,454970,1
3849,454970,2
3850,454970,3
3851,455000,1
3852,455080,1
3853,455100,1
3854,455100,2
3855,455100,3
3856,455110,1
3857,454170,1
3858,454170,2
3859,454170,3
3860,454180,1
3861,454180,2
3862,454180,3
3863,454190,1
3864,454190,2
3865,454190,3
3866,454200,1
3867,454220,1
3868,454220,2
3869,454220,3
3870,454230,1
3871,454240,1
3872,454240,2
3873,454240,3
3874,454250,1
3875,454250,2
3876,454260,1
3877,454320,1
3878,454330,1
3879,454330,2
3880,454350,1
3881,454370,1
3882,454390,1
3883,454410,1
3884,454420,1
3885,454420,2
3886,454420,3
3887,454430,1
3888,454480,1
3889,454520,1
3890,454530,1
3891,454540,1
3892,454550,1
3893,454550,2
3894,454560,1
3895,454560,2
3896,454560,3
3897,454570,1
3898,454580,1
3899,454600,1
3900,454610,1
3901,454610,2
3902,454610,3
3903,454630,1
3904,454650,1
3905,453660,1
3906,453670,1
3907,453690,1
3908,453690,2
3909,453700,1
3910,453700,2
3911,453710,1
3912,453710,2
3913,453710,3
3914,453720,1
3915,453720,2
3916,453720,3
3917,453730,1
3918,453730,2
3919,453730,3
3920,453740,1
3921,453740,3
3922,453750,1
3923,453750,2
3924,453770,1
3925,453770,2
3926,453770,3
3927,453780,1
3928,453780,2
3929,453780,3
3930,453790,1
3931,453790,2
3932,453790,3
3933,453810,1
3934,453820,1
3935,453820,2
3936,453820,3
3937,453830,1
3938,453850,1
3939,453870,1
3940,453870,2
3941,453870,3
3942,453880,1
3943,453880,2
3944,453890,1
3945,453910,1
3946,453910,2
3947,453950,1
3948,453950,2
3949,453960,1
3950,453980,1
3951,453990,1
3952,453990,2
3953,454030,1
3954,454060,1
3955,454060,2
3956,454060,3
3957,454070,1
3958,454080,1
3959,454100,1
3960,454100,2
3961,454100,3
3962,454130,1
3963,454140,1
3964,454160,1
3965,453220,1
3966,453220,2
3967,453270,1
3968,453290,1
3969,453290,2
3970,453300,1
3971,453310,1
3972,453320,1
3973,453340,1
3974,453340,2
3975,453350,1
3976,453350,2
3977,453350,3
3978,453390,1
3979,453500,1
3980,453510,1
3981,453650,1
3982,453650,3
3983,452710,1
3984,452860,1
3985,452920,1
3986,452920,2
3987,452930,1
3988,452930,2
3989,452940,1
3990,452950,1
3991,452970,1
3992,453030,1
3993,453030,3
3994,453100,1
3995,453100,2
3996,453100,3
3997,453130,1
3998,453130,2
3999,453130,3
4000,452320,1
4001,452320,2
4002,452320,3
4003,452340,1
4004,452410,1
4005,452410,2
4006,452410,3
4007,452420,1
4008,452450,1
4009,452490,1
4010,452510,1
4011,452570,1
4012,452570,2
4013,452650,1
4014,451780,1
4015,451800,1
4016,451800,2
4017,451840,1
4018,451870,1
4019,451880,1
4020,451900,1
4021,451920,1
4022,451930,1
4023,451940,1
4024,451950,1
4025,451960,1
4026,451980,1
4027,451990,1
4028,451990,2
4029,452000,1
4030,452060,1
4031,452120,1
4032,452230,1
4033,452230,2
4034,452240,1
4035,451520,1
4036,451540,1
4037,451570,1
4038,451570,2
4039,451570,3
4040,451600,1
4041,451600,2
4042,451600,3
4043,451630,1
4044,451640,1
4045,451640,2
4046,451640,3
4047,451650,1
4048,451660,1
4049,451670,1
4050,451670,2
4051,451670,3
4052,451700,1
4053,451700,2
4054,451760,1
4055,451760,2
4056,451760,3
4057,451060,1
4058,451080,1
4059,451100,1
4060,451100,2
4061,451130,1
4062,451140,1
4063,451200,1
4064,451210,1
4065,451340,1
4066,451350,1
4067,451400,1
4068,451450,1
4069,450590,1
4070,450600,1
4071,450630,1
4072,450650,1
4073,450670,1
4074,450700,1
4075,450700,2
4076,450700,3
4077,450740,1
4078,450760,1
4079,450950,1
4080,451000,1
4081,451000,2
4082,451010,1
4083,451020,1
4084,451020,2
4085,451020,3
4086,450110,1
4087,450120,1
4088,450140,1
4089,450150,1
4090,450170,1
4091,450170,2
4092,450170,3
4093,450190,1
4094,450220,1
4095,450220,2
4096,450220,3
4097,450250,1
4098,450290,1
4099,450290,2
4100,450390,1
4101,450440,1
4102,450500,1
4103,450540,1
4104,449680,1
4105,449690,1
4106,449700,1
4107,449700,2
4108,449710,1
4109,449710,2
4110,449710,3
4111,449730,1
4112,449730,2
4113,449760,1
4114,449760,2
4115,449760,3
4116,449770,1
4117,449800,1
4118,449820,1
4119,449960,1
4120,449960,2
4121,450020,1
4122,450040,1
4123,450050,1
4124,450060,1
4125,449300,1
4126,449300,2
4127,449300,3
4128,449310,1
4129,449320,1
4130,449320,2
4131,449320,3
4132,449330,1
4133,449340,1
4134,449340,2
4135,449340,3
4136,449350,1
4137,449450,1
4138,449460,1
4139,449460,2
4140,449470,1
4141,449500,1
4142,449500,2
4143,449510,1
4144,449520,1
4145,449530,1
4146,449530,3
4147,449540,1
4148,449540,2
4149,449560,1
4150,449610,1
4151,449640,1
4152,448780,1
4153,448780,3
4154,448790,1
4155,448790,2
4156,448790,3
4157,448800,1
4158,448810,1
4159,448810,2
4160,448820,1
4161,448830,1
4162,448850,1
4163,448850,2
4164,448850,3
4165,448880,1
4166,448910,1
4167,448910,2
4168,448910,3
4169,448960,1
4170,448990,1
4171,449020,1
4172,449040,1
4173,449050,1
4174,449060,1
4175,449060,3
4176,449070,1
4177,449070,2
4178,449070,3
4179,449090,1
4180,449090,2
4181,449090,3
4182,449120,1
4183,449140,1
4184,449140,2
4185,449140,3
4186,449150,1
4187,449160,1
4188,449160,2
4189,449160,3
4190,449170,1
4191,449180,1
4192,449180,2
4193,449180,3
4194,449200,1
4195,449210,1
4196,449220,1
4197,449240,1
4198,449250,1
4199,449250,2
4200,449250,3
4201,448280,1
4202,448290,1
4203,448290,2
4204,448290,3
4205,448300,1
4206,448310,1
4207,448310,2
4208,448310,3
4209,448370,1
4210,448370,3
4211,448380,1
4212,448380,2
4213,448400,1
4214,448440,1
4215,448470,1
4216,448470,2
4217,448470,3
4218,448480,1
4219,448480,2
4220,448480,3
4221,448500,1
4222,448510,1
4223,448520,1
4224,448530,1
4225,448530,2
4226,448540,1
4227,448540,2
4228,448540,3
4229,448550,1
4230,448550,2
4231,448550,3
4232,448560,1
4233,448560,2
4234,448560,3
4235,448580,1
4236,448580,3
4237,448610,1
4238,448610,2
4239,448620,1
4240,448630,1
4241,448640,1
4242,448650,1
4243,448650,2
4244,448670,1
4245,448670,3
4246,448690,1
4247,448690,3
4248,448710,1
4249,448720,1
4250,448720,2
4251,448730,1
4252,448730,2
4253,448730,3
4254,448750,1
4255,448110,1
4256,448140,1
4257,448140,2
4258,448150,1
4259,448160,1
4260,448160,3
4261,448170,1
4262,448170,2
4263,448170,3
4264,448230,1
4265,448240,1
4266,447690,1
4267,447700,1
4268,447780,1
4269,447800,1
4270,447820,1
4271,447820,2
4272,447820,3
4273,447850,1
4274,447860,1
4275,447890,1
4276,447920,1
4277,447930,1
4278,447940,1
4279,447950,1
4280,447960,1
4281,447960,3
4282,447980,1
4283,447980,2
4284,447990,1
4285,447990,2
4286,447990,3
4287,448000,1
4288,448000,2
4289,448000,3
4290,448010,1
4291,448010,2
4292,448010,3
4293,448020,1
4294,448020,2
4295,448020,3
4296,448050,1
4297,448050,2
4298,448050,3
4299,448060,1
4300,448070,1
4301,448070,2
4302,448080,1
4303,448080,2
4304,448080,3
4305,448090,1
4306,447170,1
4307,447180,1
4308,447190,1
4309,447200,1
4310,447210,1
4311,447240,1
4312,447270,1
4313,447290,1
4314,447310,1
4315,447310,3
4316,447530,1
4317,447530,2
4318,447530,3
4319,447540,1
4320,447570,1
4321,447570,2
4322,447570,3
4323,446610,1
4324,446620,1
4325,446640,1
4326,446760,1
4327,446770,1
4328,446790,1
4329,446800,1
4330,446800,2
4331,446800,3
4332,446810,1
4333,446830,1
4334,446830,2
4335,446830,3
4336,446840,1
4337,446840,2
4338,446840,3
4339,446850,1
4340,446850,2
4341,446870,1
4342,446870,2
4343,446910,1
4344,446990,1
4345,446990,2
4346,447000,1
4347,447000,2
4348,447020,1
4349,447020,2
4350,447040,1
4351,447100,1
4352,447120,1
4353,447120,2
4354,447120,3
4355,446240,1
4356,446240,2
4357,446250,1
4358,446310,1
4359,446310,2
4360,446310,3
4361,446380,1
4362,446390,1
4363,446430,1
4364,446440,1
4365,446450,1
4366,446460,1
4367,446470,1
4368,446480,1
4369,446490,1
4370,446510,1
4371,446510,2
4372,446510,3
4373,446540,1
4374,446550,1
4375,446560,1
4376,446570,1
4377,446590,1
4378,446590,2
4379,446590,3
4380,446600,1
4381,445750,1
4382,445770,1
4383,445770,2
4384,445800,1
4385,445840,1
4386,445840,2
4387,445860,1
4388,445950,1
4389,445980,1
4390,445980,2
4391,445980,3
4392,446000,1
4393,446010,1
4394,446020,1
4395,446040,1
4396,446050,1
4397,446060,1
4398,446070,1
4399,446070,2
4400,446070,3
4401,446100,1
4402,446110,1
4403,446120,1
4404,446120,2
4405,445550,1
4406,445600,1
4407,445670,1
4408,445670,2
4409,445670,3
4410,445720,1
4411,445040,1
4412,445040,2
4413,445050,1
4414,445070,1
4415,445070,2
4416,445070,3
4417,445110,1
4418,445110,2
4419,445130,1
4420,445130,2
4421,445130,3
4422,445140,1
4423,445170,1
4424,445190,1
4425,445210,1
4426,445230,1
4427,445230,2
4428,445310,1
4429,445350,1
4430,445350,2
4431,445350,3
4432,445430,1
4433,444550,1
4434,444550,2
4435,444550,3
4436,444580,1
4437,444580,2
4438,444580,3
4439,444590,1
4440,444620,1
4441,444640,1
4442,444640,2
4443,444650,1
4444,444690,1
4445,444710,1
4446,444720,1
4447,444740,1
4448,444770,1
4449,444770,2
4450,444770,3
4451,444800,1
4452,444800,2
4453,444800,3
4454,444830,1
4455,444830,2
4456,444830,3
4457,444870,1
4458,444880,1
4459,444940,1
4460,444940,3
4461,444950,1
4462,444970,1
4463,444970,2
4464,444990,1
4465,445000,1
4466,445020,1
4467,444130,1
4468,444140,1
4469,444160,1
4470,444160,3
4471,444170,1
4472,444170,2
4473,444170,3
4474,444180,1
4475,444190,1
4476,444210,1
4477,444220,1
4478,444220,2
4479,444220,3
4480,444260,1
4481,444270,1
4482,444270,2
4483,444270,3
4484,444280,1
4485,444320,1
4486,444320,2
4487,444320,3
4488,444330,1
4489,444350,1
4490,444350,2
4491,444350,3
4492,444410,1
4493,444420,1
4494,444430,1
4495,444430,2
4496,444440,1
4497,444440,2
4498,444460,1
4499,444470,1
4500,444480,1
4501,444480,2
4502,444480,3
4503,444520,1
4504,444520,2
4505,444520,3
4506,444530,1
4507,443700,1
4508,443700,2
4509,443800,1
4510,443810,1
4511,443810,2
4512,443810,3
4513,443830,1
4514,443830,2
4515,443830,3
4516,443850,1
4517,443860,1
4518,443880,1
4519,443970,1
4520,443980,1
4521,443980,2
4522,443980,3
4523,444000,1
4524,444000,2
4525,444000,3
4526,444020,1
4527,444020,2
4528,444020,3
4529,443250,1
4530,443250,2
4531,443250,3
4532,443260,1
4533,443260,2
4534,443260,3
4535,443330,1
4536,443360,1
4537,443360,2
4538,443360,3
4539,443370,1
4540,443380,1
4541,443420,1
4542,443450,1
4543,443450,2
4544,443450,3
4545,443460,1
4546,443460,2
4547,443460,3
4548,443570,1
4549,443570,2
4550,443580,1
4551,443630,1
4552,443650,1
4553,443650,2
4554,443650,3
4555,442710,1
4556,442710,2
4557,442760,1
4558,442770,1
4559,442770,2
4560,442780,1
4561,442780,2
4562,442780,3
4563,442810,1
4564,442890,1
4565,443020,1
4566,443070,1
4567,443110,1
4568,442500,1
4569,442660,1
4570,442000,1
4571,442070,1
4572,442070,2
4573,442070,3
4574,442120,1
4575,442140,1
4576,442140,2
4577,442190,1
4578,442190,2
4579,442190,3
4580,442210,1
4581,442210,3
4582,442220,1
4583,442220,2
4584,442260,1
4585,442260,2
4586,442260,3
4587,442290,1
4588,441550,1
4589,441640,1
4590,441640,2
4591,441640,3
4592,441670,1
4593,441670,2
4594,441670,3
4595,441680,1
4596,441680,2
4597,441770,1
4598,441790,1
4599,441830,1
4600,441850,1
4601,441870,1
4602,441230,1
4603,441250,1
4604,441250,2
4605,441280,1
4606,441350,1
4607,441440,1
4608,441510,1
4609,440690,1
4610,440730,1
4611,440730,2
4612,440730,3
4613,440740,1
4614,440740,2
4615,440750,1
4616,440750,2
4617,440750,3
4618,440760,1
4619,440770,1
4620,440770,2
4621,440790,1
4622,440790,2
4623,440800,1
4624,440800,2
4625,440800,3
4626,440810,1
4627,440870,1
4628,440870,2
4629,440880,1
4630,440880,2
4631,440880,3
4632,440950,1
4633,441010,1
4634,441010,2
4635,441050,1
4636,441050,2
4637,441050,3
4638,441060,1
4639,440280,1
4640,440280,2
4641,440340,1
4642,440380,1
4643,440410,1
4644,440420,1
4645,440420,2
4646,440450,1
4647,440470,1
4648,440520,1
4649,440520,2
4650,440520,3
4651,440540,1
4652,440540,2
4653,440540,3
4654,440630,1
4655,440640,1
4656,440650,1
4657,440650,2
4658,440650,3
4659,440660,1
4660,440660,2
4661,439750,1
4662,439750,2
4663,439750,3
4664,439770,1
4665,439770,2
4666,439770,3
4667,439800,1
4668,439800,2
4669,439800,3
4670,439880,1
4671,439880,2
4672,439880,3
4673,439910,1
4674,439910,2
4675,439910,3
4676,439920,1
4677,439920,2
4678,439930,1
4679,439930,2
4680,439940,1
4681,439940,2
4682,439940,3
4683,439960,1
4684,440020,1
4685,440020,2
4686,440100,1
4687,440100,2
4688,440100,3
4689,439250,1
4690,439310,1
4691,439310,3
4692,439340,1
4693,439370,1
4694,439420,1
4695,439420,2
4696,439420,3
4697,439440,1
4698,439440,2
4699,439460,1
4700,439490,1
4701,439490,2
4702,439490,3
4703,439530,1
4704,439550,1
4705,439550,2
4706,439550,3
4707,439720,1
4708,439730,1
4709,438770,1
4710,438780,1
4711,438780,3
4712,438790,1
4713,438790,2
4714,438790,3
4715,438820,1
4716,438820,2
4717,438820,3
4718,438910,1
4719,438910,2
4720,438910,3
4721,438920,1
4722,438920,2
4723,438940,1
4724,439190,1
4725,438240,1
4726,438260,1
4727,438270,1
4728,438270,2
4729,438300,1
4730,438310,1
4731,438310,2
4732,438320,1
4733,438340,1
4734,438350,1
4735,438360,1
4736,438420,1
4737,438430,1
4738,438440,1
4739,438440,3
4740,438450,1
4741,438460,1
4742,438490,1
4743,438600,1
4744,438600,2
4745,438640,1
4746,438650,1
4747,438660,1
4748,438680,1
4749,438680,2
4750,438720,1
4751,438730,1
4752,438730,2
4753,438730,3
4754,438740,1
4755,437870,1
4756,437870,2
4757,437870,3
4758,437880,1
4759,437880,2
4760,437900,1
4761,437920,1
4762,437920,2
4763,437920,3
4764,438000,1
4765,438010,1
4766,438020,1
4767,438030,1
4768,438040,1
4769,438040,2
4770,438080,1
4771,438080,2
4772,438080,3
4773,438090,1
4774,438110,1
4775,438130,1
4776,438160,1
4777,438180,1
4778,438220,1
4779,437340,1
4780,437340,2
4781,437340,3
4782,437380,1
4783,437390,1
4784,437390,2
4785,437420,1
4786,437420,2
4787,437420,3
4788,437520,1
4789,437520,2
4790,437520,3
4791,437530,1
4792,437530,2
4793,437550,1
4794,437570,1
4795,437570,2
4796,437570,3
4797,437610,1
4798,437630,1
4799,437630,2
4800,437630,3
4801,437690,1
4802,437710,1
4803,437710,2
4804,437720,1
4805,437720,2
4806,437720,3
4807,437730,1
4808,437740,1
4809,436950,1
4810,437000,1
4811,437020,1
4812,437030,1
4813,437060,1
4814,437080,1
4815,437090,1
4816,437100,1
4817,437100,2
4818,437100,3
4819,437160,1
4820,437160,2
4821,437160,3
4822,437170,1
4823,437180,1
4824,437180,2
4825,437180,3
4826,437210,1
4827,437220,1
4828,437220,3
4829,437250,1
4830,437250,2
4831,436670,1
4832,436680,1
4833,436680,2
4834,436680,3
4835,436690,1
4836,436820,1
4837,436850,1
4838,436850,2
4839,436850,3
4840,436860,1
4841,436860,3
4842,436870,1
4843,436940,1
4844,436320,1
4845,436340,1
4846,436360,1
4847,436360,2
4848,436360,3
4849,436390,1
4850,436390,2
4851,436390,3
4852,436400,1
4853,436410,1
4854,436470,1
4855,436470,2
4856,436480,1
4857,436480,2
4858,436480,3
4859,436490,1
4860,436500,1
4861,436500,2
4862,436510,1
4863,436520,1
4864,436530,1
4865,436530,2
4866,436530,3
4867,436560,1
4868,435970,1
4869,436000,1
4870,436000,2
4871,436000,3
4872,436060,1
4873,436060,3
4874,436070,1
4875,436070,2
4876,436110,1
4877,436140,1
4878,436140,2
4879,436140,3
4880,436160,1
4881,436180,1
4882,436220,1
4883,436230,1
4884,436240,1
4885,436260,1
4886,436260,3
4887,436270,1
4888,436270,2
4889,436280,1
4890,436290,1
4891,436290,2
4892,435480,1
4893,435490,1
4894,435530,1
4895,435530,2
4896,435530,3
4897,435600,1
4898,435730,1
4899,435730,2
4900,435730,3
4901,435780,1
4902,435780,2
4903,435790,1
4904,435800,1
4905,435800,2
4906,435800,3
4907,435840,1
4908,435080,1
4909,435080,2
4910,435080,3
4911,435100,1
4912,435120,1
4913,435120,2
4914,435140,1
4915,435230,1
4916,435250,1
4917,435260,1
4918,435260,2
4919,435260,3
4920,435300,1
4921,435300,2
4922,435360,1
4923,435400,1
4924,435400,2
4925,435400,3
4926,435420,1
4927,435460,1
4928,434660,1
4929,434700,1
4930,434700,2
4931,434700,3
4932,434730,1
4933,434740,1
4934,434740,2
4935,434740,3
4936,434750,1
4937,434750,2
4938,434750,3
4939,434790,1
4940,434800,1
4941,434820,1
4942,434820,3
4943,434860,1
4944,434870,1
4945,434870,2
4946,434880,1
4947,434890,1
4948,434920,1
4949,434930,1
4950,434960,1
4951,434970,1
4952,434970,3
4953,434980,1
4954,435000,1
4955,435000,2
4956,435000,3
4957,435010,1
4958,435020,1
4959,435030,1
4960,435030,2
4961,435040,1
4962,435040,2
4963,435050,1
4964,435070,1
4965,435070,3
4966,434150,1
4967,434150,2
4968,434160,1
4969,434160,2
4970,434160,3
4971,434170,1
4972,434170,2
4973,434170,3
4974,434190,1
4975,434220,1
4976,434220,2
4977,434220,3
4978,434230,1
4979,434230,2
4980,434230,3
4981,434240,1
4982,434240,2
4983,434240,3
4984,434250,1
4985,434260,1
4986,434270,1
4987,434270,3
4988,434290,1
4989,434290,3
4990,434300,1
4991,434310,1
4992,434310,2
4993,434310,3
4994,434340,1
4995,434360,1
4996,434360,2
4997,434360,3
4998,434370,1
4999,434370,2
5000,434370,3
5001,434390,1
5002,434410,1
5003,434420,1
5004,434430,1
5005,434470,1
5006,434480,1
5007,434490,1
5008,434510,1
5009,434530,1
5010,434530,2
5011,434540,1
5012,434540,2
5013,434570,1
5014,434600,1
5015,434600,2
5016,434600,3
5017,434610,1
5018,434620,1
5019,433750,1
5020,433750,2
5021,433790,1
5022,433830,1
5023,433840,1
5024,433840,2
5025,433840,3
5026,433850,1
5027,433890,1
5028,433900,1
5029,433910,1
5030,433910,2
5031,433910,3
5032,433920,1
5033,433930,1
5034,433930,2
5035,433930,3
5036,433950,1
5037,433950,2
5038,433950,3
5039,433960,1
5040,434000,1
5041,434000,2
5042,434000,3
5043,434020,1
5044,434030,1
5045,434030,2
5046,434030,3
5047,434050,1
5048,434070,1
5049,434070,2
5050,434070,3
5051,434090,1
5052,434090,2
5053,434090,3
5054,434130,1
5055,434140,1
5056,433350,1
5057,433360,1
5058,433380,1
5059,433380,2
5060,433400,1
5061,433400,2
5062,433450,1
5063,433480,1
5064,433490,1
5065,433530,1
5066,433530,2
5067,433530,3
5068,433550,1
5069,433570,1
5070,433580,1
5071,433630,1
5072,433650,1
5073,433660,1
5074,433660,2
5075,433660,3
5076,433670,1
5077,433700,1
5078,432870,1
5079,432890,1
5080,432890,2
5081,432890,3
5082,432940,1
5083,432940,2
5084,432950,1
5085,432980,1
5086,432990,1
5087,432990,2
5088,432990,3
5089,433000,1
5090,433000,2
5091,433100,1
5092,433110,1
5093,433120,1
5094,433130,1
5095,433130,2
5096,433170,1
5097,433190,1
5098,433210,1
5099,433280,1
5100,433300,1
5101,433320,1
5102,433340,1
5103,433340,2
5104,433340,3
5105,432370,1
5106,432370,2
5107,432380,1
5108,432380,2
5109,432380,3
5110,432390,1
5111,432410,1
5112,432420,1
5113,432470,1
5114,432470,2
5115,432480,1
5116,432480,2
5117,432480,3
5118,432490,1
5119,432490,2
5120,432490,3
5121,432500,1
5122,432590,1
5123,432590,2
5124,432590,3
5125,432620,1
5126,432620,2
5127,432620,3
5128,432640,1
5129,432720,1
5130,432720,2
5131,432720,3
5132,432770,1
5133,432780,1
5134,432790,1
5135,432790,2
5136,431810,1
5137,431810,2
5138,431810,3
5139,431830,1
5140,431830,3
5141,431840,1
5142,431850,1
5143,431910,1
5144,431930,1
5145,431940,1
5146,432010,1
5147,432030,1
5148,432030,2
5149,432030,3
5150,432100,1
5151,432110,1
5152,432130,1
5153,432130,2
5154,432130,3
5155,432170,1
5156,432180,1
5157,432180,2
5158,432180,3
5159,432190,1
5160,432210,1
5161,432230,1
5162,432230,2
5163,432230,3
5164,432240,1
5165,432240,2
5166,432250,1
5167,432260,1
5168,432260,2
5169,432260,3
5170,432270,1
5171,432330,1
5172,432330,2
5173,432350,1
5174,431330,1
5175,431330,2
5176,431330,3
5177,431360,1
5178,431370,1
5179,431410,1
5180,431410,2
5181,431410,3
5182,431450,1
5183,431460,1
5184,431460,2
5185,431460,3
5186,431470,1
5187,431500,1
5188,431500,2
5189,431510,1
5190,431510,2
5191,431510,3
5192,431540,1
5193,431540,3
5194,431570,1
5195,431590,1
5196,431590,2
5197,431600,1
5198,431610,1
5199,431610,2
5200,431610,3
5201,431630,1
5202,431630,2
5203,431630,3
5204,431640,1
5205,431640,2
5206,431640,3
5207,431650,1
5208,431700,1
5209,431700,2
5210,431700,3
5211,431710,1
5212,431730,1
5213,431730,2
5214,431730,3
5215,431740,1
5216,431750,1
5217,431770,1
5218,431770,2
5219,431770,3
5220,430930,1
5221,430960,1
5222,431030,1
5223,431120,1
5224,431180,1
5225,431180,2
5226,431200,1
5227,431220,1
5228,431220,3
5229,431230,1
5230,431230,2
5231,431250,1
5232,431280,1
5233,431280,2
5234,431290,1
5235,431290,2
5236,431300,1
5237,431300,2
5238,430410,1
5239,430410,2
5240,430410,3
5241,430020,1
5242,430080,1
5243,430100,1
5244,430170,1
5245,430170,2
5246,430190,1
5247,430210,1
5248,430230,1
5249,430240,1
5250,430280,1
5251,430280,2
5252,430280,3
5253,430290,1
5254,430300,1
5255,429600,1
5256,429600,2
5257,429600,3
5258,429610,1
5259,429610,2
5260,429610,3
5261,429620,1
5262,429620,2
5263,429620,3
5264,429660,1
5265,429690,1
5266,429690,2
5267,429700,1
5268,429720,1
5269,429780,1
5270,429780,2
5271,429790,1
5272,429790,2
5273,429830,1
5274,429940,1
5275,429940,2
5276,429940,3
5277,429950,1
5278,429060,1
5279,429160,1
5280,429180,1
5281,429220,1
5282,429220,2
5283,429250,1
5284,429250,2
5285,429250,3
5286,429260,1
5287,429270,1
5288,429280,1
5289,429300,1
5290,429300,2
5291,429300,3
5292,429330,1
5293,429330,2
5294,429350,1
5295,429350,2
5296,429350,3
5297,429360,1
5298,429360,2
5299,429390,1
5300,429390,2
5301,429430,1
5302,429470,1
5303,429480,1
5304,429490,1
5305,429520,1
5306,429530,1
5307,429570,1
5308,429570,2
5309,429580,1
5310,429580,2
5311,429580,3
5312,428610,1
5313,428630,1
5314,428660,1
5315,428690,1
5316,428690,2
5317,428690,3
5318,428740,1
5319,428750,1
5320,428750,2
5321,428750,3
5322,428760,1
5323,428760,2
5324,428760,3
5325,428800,1
5326,428830,1
5327,428830,2
5328,428830,3
5329,428860,1
5330,428860,2
5331,428860,3
5332,428870,1
5333,428870,2
5334,428880,1
5335,428880,2
5336,428900,1
5337,428900,2
5338,428900,3
5339,428910,1
5340,428920,1
5341,428920,2
5342,428920,3
5343,428930,1
5344,428930,2
5345,428940,1
5346,428950,1
5347,428980,1
5348,429020,1
5349,429020,2
5350,429020,3
5351,429040,1
5352,428200,1
5353,428210,1
5354,428220,1
5355,428220,2
5356,428230,1
5357,428230,2
5358,428240,1
5359,428250,1
5360,428260,1
5361,428270,1
5362,428280,1
5363,428340,1
5364,428340,2
5365,428350,1
5366,428350,2
5367,428350,3
5368,428370,1
5369,428370,2
5370,428410,1
5371,428430,1
5372,428460,1
5373,428460,2
5374,428490,1
5375,428510,1
5376,428530,1
5377,428540,1
5378,428590,1
5379,428590,2
5380,428590,3
5381,427700,1
5382,427730,1
5383,427730,2
5384,427760,1
5385,427770,1
5386,427770,2
5387,427770,3
5388,427780,1
5389,427780,2
5390,427810,1
5391,427810,2
5392,427820,1
5393,427820,3
5394,427830,1
5395,427830,2
5396,427830,3
5397,427860,1
5398,427860,2
5399,427860,3
5400,427880,1
5401,427890,1
5402,427910,1
5403,427930,1
5404,427930,3
5405,427970,1
5406,427970,2
5407,427970,3
5408,427980,1
5409,427980,2
5410,427980,3
5411,428020,1
5412,428020,2
5413,428020,3
5414,428040,1
5415,428040,2
5416,428040,3
5417,428060,1
5418,428080,1
5419,428100,1
5420,428110,1
5421,428130,1
5422,428130,2
5423,428170,1
5424,428180,1
5425,428190,1
5426,428190,2
5427,428190,3
5428,427470,1
5429,427470,2
5430,427480,1
5431,427490,1
5432,427490,2
5433,427510,1
5434,427550,1
5435,427550,2
5436,427550,3
5437,427570,1
5438,427640,1
5439,427640,2
5440,427640,3
5441,427660,1
5442,427030,1
5443,427040,1
5444,427050,1
5445,427050,2
5446,427050,3
5447,427190,1
5448,427240,1
5449,427250,1
5450,427270,1
5451,427290,1
5452,426560,1
5453,426590,1
5454,426630,1
5455,426690,1
5456,426790,1
5457,426930,1
5458,426170,1
5459,426170,2
5460,426170,3
5461,426190,1
5462,426190,2
5463,426190,3
5464,426210,1
5465,426210,3
5466,426240,1
5467,426240,2
5468,426290,1
5469,426290,2
5470,426290,3
5471,426310,1
5472,426330,1
5473,426330,2
5474,426330,3
5475,425720,1
5476,425760,1
5477,425760,2
5478,425770,1
5479,425860,1
5480,425870,1
5481,425870,2
5482,425870,3
5483,425900,1
5484,425900,2
5485,425990,1
5486,426000,1
5487,426000,2
5488,426000,3
5489,426010,1
5490,426010,2
5491,426040,1
5492,426050,1
5493,425220,1
5494,425230,1
5495,425240,1
5496,425240,2
5497,425240,3
5498,425260,1
5499,425260,2
5500,425260,3
5501,425300,1
5502,425310,1
5503,425340,1
5504,425400,1
5505,425410,1
5506,425450,1
5507,425450,2
5508,425450,3
5509,425460,1
5510,425580,1
5511,425600,1
5512,425600,3
5513,425650,1
5514,425670,1
5515,424750,1
5516,424750,2
5517,424760,1
5518,424830,1
5519,424840,1
5520,424850,1
5521,424870,1
5522,425010,1
5523,425040,1
5524,425040,2
5525,425070,1
5526,425070,3
5527,425150,1
5528,425160,1
5529,425160,2
5530,425160,3
5531,425210,1
5532,425210,2
5533,425210,3
5534,424250,1
5535,424250,2
5536,424250,3
5537,424260,1
5538,424280,1
5539,424280,2
5540,424280,3
5541,424320,1
5542,424590,1
5543,424640,1
5544,423800,1
5545,423800,2
5546,423800,3
5547,423810,1
5548,423810,2
5549,423810,3
5550,423870,1
5551,423870,2
5552,423870,3
5553,423880,1
5554,423880,2
5555,423880,3
5556,423890,1
5557,423900,1
5558,423900,2
5559,423900,3
5560,423950,1
5561,424000,1
5562,424010,1
5563,424030,1
5564,424040,1
5565,424060,1
5566,424100,1
5567,424170,1
5568,423440,1
5569,423440,2
5570,423440,3
5571,423490,1
5572,423550,1
5573,423580,1
5574,423580,2
5575,423590,1
5576,423590,2
5577,423590,3
5578,423600,1
5579,423610,1
5580,423610,2
5581,423610,3
5582,423620,1
5583,423650,1
5584,423700,1
5585,423710,1
5586,423720,1
5587,423730,1
5588,423740,1
5589,423750,1
5590,423750,2
5591,423750,3
5592,423760,1
5593,423770,1
5594,423120,1
5595,423120,2
5596,423120,3
5597,423180,1
5598,423220,1
5599,423230,1
5600,423320,1
5601,423320,2
5602,423320,3
5603,422910,1
5604,422910,2
5605,422920,1
5606,422920,2
5607,422940,1
5608,422970,1
5609,422970,2
5610,422970,3
5611,422980,1
5612,422500,1
5613,422610,1
5614,422610,2
5615,422610,3
5616,422640,1
5617,422650,1
5618,422650,2
5619,422650,3
5620,422760,1
5621,422810,1
5622,422810,2
5623,422810,3
5624,422860,1
5625,422010,1
5626,422010,3
5627,422020,1
5628,422030,1
5629,422110,1
5630,422110,2
5631,422110,3
5632,422130,1
5633,422140,1
5634,1152550,1
5635,1151390,1
5636,1151390,2
5637,1150480,1
5638,1149900,1
5639,1149910,1
5640,1149400,1
5641,1149400,2
5642,1149400,3
5643,1148810,1
5644,1147280,1
5645,1147490,1
5646,1147500,1
5647,1147510,1
5648,1147520,1
5649,1147600,1
5650,1147620,1
5651,1147670,1
5652,1147670,3
5653,1146880,1
5654,1146890,1
5655,1146910,1
5656,1146920,1
5657,1146940,1
5658,1146950,1
5659,1146950,2
5660,1146970,1
5661,1146970,2
5662,1147020,1
5663,1147030,1
5664,1147130,1
5665,1147140,1
5666,1147220,1
5667,1147240,1
5668,1146390,1
5669,1146390,2
5670,1146390,3
5671,1146510,1
5672,1146560,1
5673,1146560,3
5674,1146630,1
5675,1146700,1
5676,1146780,1
5677,1146810,1
5678,1145960,1
5679,1145960,2
5680,1145970,1
5681,1146010,1
5682,1146010,2
5683,1146010,3
5684,1146090,1
5685,1146100,1
5686,1146160,1
5687,1146170,1
5688,1146230,1
5689,1146250,1
5690,1146300,1
5691,1146310,1
5692,1146310,3
5693,1146350,1
5694,1146370,1
5695,1145490,1
5696,1145520,1
5697,1145530,1
5698,1145530,2
5699,1145550,1
5700,1145560,1
5701,1145560,3
5702,1145570,1
5703,1145580,1
5704,1145590,1
5705,1145660,1
5706,1145680,1
5707,1145780,1
5708,1145810,1
5709,1145820,1
5710,1145830,1
5711,1145830,2
5712,1145830,3
5713,1145860,1
5714,1145950,1
5715,1145950,2
5716,1145030,1
5717,1145050,1
5718,1145120,1
5719,1145180,1
5720,1145200,1
5721,1145210,1
5722,1145280,1
5723,1145380,1
5724,1145410,1
5725,1145410,2
5726,1145430,1
5727,1145450,1
5728,1145460,1
5729,1144690,1
5730,1144770,1
5731,1144860,1
5732,1144910,1
5733,1144970,1
5734,1144250,1
5735,1144270,1
5736,1144280,1
5737,1144290,1
5738,1144300,1
5739,1144330,1
5740,1144350,1
5741,1144370,1
5742,1144400,1
5743,1144440,1
5744,1144450,1
5745,1144460,1
5746,1144510,1
5747,1144520,1
5748,1144550,1
5749,1144550,2
5750,1144550,3
5751,1144590,1
5752,1144630,1
5753,1143900,1
5754,1144020,1
5755,1144030,1
5756,1144030,2
5757,1144030,3
5758,1144060,1
5759,1144070,1
5760,1144090,1
5761,1144100,1
5762,1144110,1
5763,1144140,1
5764,1144150,1
5765,1144150,2
5766,1144150,3
5767,1143550,1
5768,1143570,1
5769,1143570,3
5770,1143680,1
5771,1143710,1
5772,1143720,1
5773,1143740,1
5774,1143740,3
5775,1143750,1
5776,1143770,1
5777,1143780,1
5778,1143800,1
5779,1143170,1
5780,1143320,1
5781,1143330,1
5782,1143390,1
5783,1143390,2
5784,1143420,1
5785,1143430,1
5786,1143440,1
5787,1142410,1
5788,1142480,1
5789,1142500,1
5790,1142500,2
5791,1142550,1
5792,1142750,1
5793,1142830,1
5794,1142850,1
5795,1142870,1
5796,1141930,1
5797,1141950,1
5798,1141990,1
5799,1142030,1
5800,1142070,1
5801,1142090,1
5802,1142100,1
5803,1142130,1
5804,1142200,1
5805,1142220,1
5806,1142230,1
5807,1142290,1
5808,1142300,1
5809,1142320,1
5810,1142360,1
5811,1141450,1
5812,1141530,1
5813,1141570,1
5814,1141600,1
5815,1141640,1
5816,1141650,1
5817,1141650,2
5818,1141860,1
5819,1141860,2
5820,1141870,1
5821,1141880,1
5822,1141070,1
5823,1141070,2
5824,1141120,1
5825,1141120,2
5826,1141120,3
5827,1141130,1
5828,1141130,2
5829,1141150,1
5830,1141160,1
5831,1141160,2
5832,1141160,3
5833,1141170,1
5834,1141180,1
5835,1141220,1
5836,1141220,2
5837,1141220,3
5838,1141290,1
5839,1141300,1
5840,1141360,1
5841,1141380,1
5842,1141390,1
5843,1140610,1
5844,1140720,1
5845,1140750,1
5846,1140790,1
5847,1140880,1
5848,1140890,1
5849,1140900,1
5850,1140950,1
5851,1140970,1
5852,1140130,1
5853,1140130,2
5854,1140130,3
5855,1140140,1
5856,1140140,2
5857,1140140,3
5858,1140260,1
5859,1140260,3
5860,1140270,1
5861,1140270,2
5862,1140270,3
5863,1140290,1
5864,1140360,1
5865,1140400,1
5866,1140410,1
5867,1140420,1
5868,1140440,1
5869,1140460,1
5870,1140520,1
5871,1140520,2
5872,1140530,1
5873,1140570,1
5874,1140570,2
5875,1139760,1
5876,1139800,1
5877,1139800,2
5878,1139830,1
5879,1139840,1
5880,1139860,1
5881,1139870,1
5882,1139880,1
5883,1139880,2
5884,1139890,1
5885,1139890,2
5886,1139890,3
5887,1139950,1
5888,1139950,2
5889,1140020,1
5890,1140030,1
5891,1140070,1
5892,1139240,1
5893,1139310,1
5894,1139470,1
5895,1139480,1
5896,1139660,1
5897,1139680,1
5898,1138800,1
5899,1138810,1
5900,1138810,3
5901,1138960,1
5902,1138990,1
5903,1138990,2
5904,1138990,3
5905,1139020,1
5906,1139090,1
5907,1139100,1
5908,1139130,1
5909,1139130,2
5910,1139130,3
5911,1138260,1
5912,1138280,1
5913,1138290,1
5914,1138300,1
5915,1138310,1
5916,1138320,1
5917,1138370,1
5918,1138410,1
5919,1138410,2
5920,1138410,3
5921,1138440,1
5922,1138530,1
5923,1138580,1
5924,1138580,2
5925,1138630,1
5926,1138630,2
5927,1137770,1
5928,1137930,1
5929,1137970,1
5930,1138060,1
5931,1138080,1
5932,1138100,1
5933,1138130,1
5934,1138150,1
5935,1137330,1
5936,1137350,1
5937,1137350,3
5938,1137360,1
5939,1137400,1
5940,1137400,2
5941,1137400,3
5942,1137460,1
5943,1137490,1
5944,1137620,1
5945,1137620,2
5946,1137660,1
5947,1137670,1
5948,1137680,1
5949,1137690,1
5950,1137730,1
5951,1136880,1
5952,1136910,1
5953,1136910,3
5954,1136930,1
5955,1136960,1
5956,1137020,1
5957,1137040,1
5958,1137050,1
5959,1137070,1
5960,1137110,1
5961,1137210,1
5962,1137220,1
5963,1137230,1
5964,1137250,1
5965,1137260,1
5966,1137270,1
5967,1137270,2
5968,1137270,3
5969,1136390,1
5970,1136420,1
5971,1136440,1
5972,1136820,1
5973,1136830,1
5974,1136010,1
5975,1136020,1
5976,1136030,1
5977,1136030,2
5978,1136030,3
5979,1136040,1
5980,1136070,1
5981,1136080,1
5982,1136090,1
5983,1136100,1
5984,1136100,2
5985,1136110,1
5986,1136160,1
5987,1136330,1
5988,1135730,1
5989,1135740,1
5990,1135750,1
5991,1135860,1
5992,1135860,2
5993,1135900,1
5994,1135910,1
5995,1135210,1
5996,1135210,2
5997,1135260,1
5998,1135370,1
5999,1135380,1
6000,1135400,1
6001,1135450,1
6002,1135450,2
6003,1135450,3
6004,1135480,1
6005,1135570,1
6006,1134710,1
6007,1135030,1
6008,1135030,2
6009,1135040,1
6010,1135040,2
6011,1135050,1
6012,1135050,2
6013,1135060,1
6014,1135060,2
6015,1135070,1
6016,1135070,2
6017,1135090,1
6018,1135090,2
6019,1135100,1
6020,1135100,2
6021,1135110,1
6022,1135110,2
6023,1135120,1
6024,1135120,2
6025,1135130,1
6026,1135130,2
6027,1135140,1
6028,1135140,2
6029,1135150,1
6030,1135150,2
6031,1135160,1
6032,1135160,2
6033,1135170,1
6034,1135170,2
6035,1135180,1
6036,1135180,2
6037,1135190,1
6038,1135190,2
6039,1135200,1
6040,1135200,2
6041,1134470,1
6042,1134500,1
6043,1134520,1
6044,1134520,2
6045,1134630,1
6046,1134630,2
6047,1134040,1
6048,1134050,1
6049,1134120,1
6050,1134130,1
6051,1134140,1
6052,1134150,1
6053,1134180,1
6054,1134190,1
6055,1134200,1
6056,1134250,1
6057,1134370,1
6058,1134390,1
6059,1133540,1
6060,1133580,1
6061,1133590,1
6062,1133790,1
6063,1133890,1
6064,1133910,1
6065,1133930,1
6066,1133930,2
6067,1133950,1
6068,1133970,1
6069,1133980,1
6070,1134020,1
6071,1133050,1
6072,1133070,1
6073,1133070,2
6074,1133080,1
6075,1133200,1
6076,1133200,2
6077,1133210,1
6078,1133210,3
6079,1133230,1
6080,1133250,1
6081,1133260,1
6082,1133300,1
6083,1133320,1
6084,1133330,1
6085,1133350,1
6086,1133350,3
6087,1133420,1
6088,1133420,2
6089,1133420,3
6090,1133450,1
6091,1133450,3
6092,1133520,1
6093,1132600,1
6094,1132600,3
6095,1132620,1
6096,1132640,1
6097,1132720,1
6098,1132730,1
6099,1132730,2
6100,1132750,1
6101,1132770,1
6102,1132840,1
6103,1132850,1
6104,1132930,1
6105,1132930,3
6106,1132970,1
6107,1132080,1
6108,1132090,1
6109,1132090,2
6110,1132090,3
6111,1132100,1
6112,1132100,2
6113,1132100,3
6114,1132110,1
6115,1132120,1
6116,1132160,1
6117,1132160,2
6118,1132180,1
6119,1132180,2
6120,1132180,3
6121,1132190,1
6122,1132210,1
6123,1132220,1
6124,1132230,1
6125,1132290,1
6126,1132290,2
6127,1132290,3
6128,1132300,1
6129,1132410,1
6130,1132460,1
6131,1132540,1
6132,1131580,1
6133,1131640,1
6134,1131640,3
6135,1131660,1
6136,1131680,1
6137,1131720,1
6138,1131740,1
6139,1131740,2
6140,1131750,1
6141,1131780,1
6142,1131790,1
6143,1131800,1
6144,1131800,2
6145,1131810,1
6146,1131880,1
6147,1131880,2
6148,1131900,1
6149,1131940,1
6150,1131960,1
6151,1131990,1
6152,1131990,2
6153,1132010,1
6154,1132010,2
6155,1132070,1
6156,1131110,1
6157,1131140,1
6158,1131160,1
6159,1131270,1
6160,1131280,1
6161,1131330,1
6162,1131400,1
6163,1131400,2
6164,1131400,3
6165,1131410,1
6166,1131410,2
6167,1131410,3
6168,1131420,1
6169,1131430,1
6170,1131450,1
6171,1131520,1
6172,1131530,1
6173,1131540,1
6174,1131550,1
6175,1130710,1
6176,1130720,1
6177,1130990,1
6178,1131060,1
6179,1131060,2
6180,1131060,3
6181,1130400,1
6182,1130430,1
6183,1130430,2
6184,1130430,3
6185,1130510,1
6186,1130560,1
6187,1130570,1
6188,1130590,1
6189,1130620,1
6190,1129920,1
6191,1129920,2
6192,1129920,3
6193,1129330,1
6194,1129350,1
6195,1129680,1
6196,1129690,1
6197,1129690,3
6198,1129720,1
6199,1129730,1
6200,1128970,1
6201,1129010,1
6202,1129030,1
6203,1129030,2
6204,1129030,3
6205,1129080,1
6206,1129180,1
6207,1129200,1
6208,1129210,1
6209,1129240,1
6210,1129240,3
6211,1129250,1
6212,1128480,1
6213,1128480,2
6214,1128480,3
6215,1128520,1
6216,1128570,1
6217,1128570,2
6218,1128570,3
6219,1128610,1
6220,1128630,1
6221,1128660,1
6222,1128680,1
6223,1128690,1
6224,1128690,2
6225,1128770,1
6226,1128830,1
6227,1128830,2
6228,1128840,1
6229,1128840,2
6230,1128900,1
6231,1127990,1
6232,1128000,1
6233,1128010,1
6234,1128100,1
6235,1128140,1
6236,1128150,1
6237,1128160,1
6238,1128160,2
6239,1128160,3
6240,1128170,1
6241,1128180,1
6242,1128180,2
6243,1128180,3
6244,1128190,1
6245,1128210,1
6246,1128220,1
6247,1128260,1
6248,1128270,1
6249,1128280,1
6250,1128310,1
6251,1128310,3
6252,1128370,1
6253,1128420,1
6254,1128420,2
6255,1128430,1
6256,1128430,2
6257,1128440,1
6258,1128440,2
6259,1128450,1
6260,1127520,1
6261,1127530,1
6262,1127540,1
6263,1127580,1
6264,1127610,1
6265,1127610,2
6266,1127610,3
6267,1127680,1
6268,1127680,2
6269,1127690,1
6270,1127820,1
6271,1127820,2
6272,1127820,3
6273,1127840,1
6274,1127850,1
6275,1127860,1
6276,1127870,1
6277,1127880,1
6278,1127900,1
6279,1127930,1
6280,1127970,1
6281,1127980,1
6282,1127070,1
6283,1127070,2
6284,1127100,1
6285,1127120,1
6286,1127130,1
6287,1127180,1
6288,1127210,1
6289,1127230,1
6290,1127250,1
6291,1127250,2
6292,1127270,1
6293,1127290,1
6294,1127310,1
6295,1127350,1
6296,1127390,1
6297,1127400,1
6298,1127400,2
6299,1127400,3
6300,1127450,1
6301,1127460,1
6302,1127480,1
6303,1126550,1
6304,1126580,1
6305,1126580,2
6306,1126600,1
6307,1126600,2
6308,1126600,3
6309,1126640,1
6310,1126710,1
6311,1126710,2
6312,1126750,1
6313,1126770,1
6314,1126820,1
6315,1126820,3
6316,1126850,1
6317,1126860,1
6318,1126880,1
6319,1126890,1
6320,1126950,1
6321,1126990,1
6322,1126060,1
6323,1126070,1
6324,1126090,1
6325,1126100,1
6326,1126130,1
6327,1126130,2
6328,1126220,1
6329,1126270,1
6330,1126290,1
6331,1126300,1
6332,1126310,1
6333,1126310,2
6334,1126310,3
6335,1126320,1
6336,1126320,3
6337,1126340,1
6338,1126420,1
6339,1126470,1
6340,1125600,1
6341,1125650,1
6342,1125770,1
6343,1125800,1
6344,1125820,1
6345,1125860,1
6346,1125880,1
6347,1125930,1
6348,1125250,1
6349,1125330,1
6350,1125340,1
6351,1125350,1
6352,1125350,2
6353,1125350,3
6354,1125360,1
6355,1125370,1
6356,1125370,2
6357,1125370,3
6358,1125400,1
6359,1125400,2
6360,1125420,1
6361,1125450,1
6362,1125480,1
6363,1125490,1
6364,1124790,1
6365,1124790,2
6366,1124830,1
6367,1124860,1
6368,1124950,1
6369,1124960,1
6370,1124990,1
6371,1125000,1
6372,1125030,1
6373,1125060,1
6374,1125110,1
6375,1125130,1
6376,1124270,1
6377,1124310,1
6378,1124310,2
6379,1124310,3
6380,1124380,1
6381,1124390,1
6382,1124390,2
6383,1124390,3
6384,1124400,1
6385,1124400,2
6386,1124400,3
6387,1124410,1
6388,1124410,2
6389,1124410,3
6390,1124430,1
6391,1124510,1
6392,1124530,1
6393,1124550,1
6394,1124560,1
6395,1124600,1
6396,1124630,1
6397,1124660,1
6398,1124710,1
6399,1124050,1
6400,1124060,1
6401,1124190,1
6402,1124260,1
6403,1124260,3
6404,1123620,1
6405,1123770,1
6406,1123870,1
6407,1123900,1
6408,1123910,1
6409,1123310,1
6410,1123340,1
6411,1123340,2
6412,1123400,1
6413,1123410,1
6414,1123450,1
6415,1123450,2
6416,1123550,1
6417,1123610,1
6418,1122860,1
6419,1122920,1
6420,1122980,1
6421,1123000,1
6422,1123030,1
6423,1123060,1
6424,1123070,1
6425,1123080,1
6426,1123140,1
6427,1123140,2
6428,1123140,3
6429,1123190,1
6430,1123190,2
6431,1123190,3
6432,1123230,1
6433,1122720,1
6434,1122740,1
6435,1122780,1
6436,1122810,1
6437,1122490,1
6438,1122490,2
6439,1122510,1
6440,1122110,1
6441,1122120,1
6442,1122120,2
6443,1122120,3
6444,1122180,1
6445,1122210,1
6446,1122250,1
6447,1122310,1
6448,1122310,2
6449,1122440,1
6450,1122460,1
6451,1122460,2
6452,1122460,3
6453,1121650,1
6454,1121710,1
6455,1121720,1
6456,1121720,2
6457,1121770,1
6458,1122040,1
6459,1122050,1
6460,1122100,1
6461,1121230,1
6462,1121270,1
6463,1121300,1
6464,1121300,2
6465,1121300,3
6466,1121310,1
6467,1121340,1
6468,1121400,1
6469,1121420,1
6470,1121490,1
6471,1121550,1
6472,1121560,1
6473,1121590,1
6474,1120800,1
6475,1120810,1
6476,1120900,1
6477,1120920,1
6478,1120920,3
6479,1120950,1
6480,1120960,1
6481,1120970,1
6482,1121100,1
6483,1120280,1
6484,1120280,3
6485,1120310,1
6486,1120360,1
6487,1120370,1
6488,1120390,1
6489,1120390,2
6490,1120390,3
6491,1120420,1
6492,1120420,3
6493,1120580,1
6494,1120600,1
6495,1120640,1
6496,1120680,1
6497,1120700,1
6498,1120700,2
6499,1120160,1
6500,1120160,3
6501,1120210,1
6502,1120210,2
6503,1119970,1
6504,1119500,1
6505,1119520,1
6506,1119530,1
6507,1119530,2
6508,1119530,3
6509,1119610,1
6510,1119630,1
6511,1119630,2
6512,1119640,1
6513,1119640,2
6514,1119670,1
6515,1119670,2
6516,1119710,1
6517,1119710,2
6518,1119740,1
6519,1119760,1
6520,1119760,2
6521,1119770,1
6522,1119790,1
6523,1119800,1
6524,1119800,2
6525,1119860,1
6526,1119890,1
6527,1119940,1
6528,1119940,2
6529,1119940,3
6530,1119030,1
6531,1119100,1
6532,1119110,1
6533,1119380,1
6534,1119430,1
6535,1118590,1
6536,1118670,1
6537,1118690,1
6538,1118700,1
6539,1118730,1
6540,1118740,1
6541,1118740,2
6542,1118820,1
6543,1118840,1
6544,1118870,1
6545,1118880,1
6546,1118880,2
6547,1118880,3
6548,1118910,1
6549,1118930,1
6550,1118940,1
6551,1118950,1
6552,1118320,1
6553,1118350,1
6554,1118380,1
6555,1118380,2
6556,1118410,1
6557,1117930,1
6558,1117970,1
6559,1117980,1
6560,1117990,1
6561,1118000,1
6562,1118000,2
6563,1118050,1
6564,1118070,1
6565,1117470,1
6566,1117470,2
6567,1117470,3
6568,1117480,1
6569,1117490,1
6570,1117520,1
6571,1117590,1
6572,1117600,1
6573,1117630,1
6574,1117660,1
6575,1117670,1
6576,1117670,2
6577,1117670,3
6578,1117680,1
6579,1117680,2
6580,1117710,1
6581,1117760,1
6582,1117840,1
6583,1117880,1
6584,1117880,2
6585,1117880,3
6586,1117890,1
6587,1117900,1
6588,1117040,1
6589,1117120,1
6590,1117220,1
6591,1117310,1
6592,1117310,2
6593,1117330,1
6594,1117340,1
6595,1117360,1
6596,1117360,2
6597,1117380,1
6598,1117380,2
6599,1116590,1
6600,1116600,1
6601,1116650,1
6602,1116670,1
6603,1116670,2
6604,1116670,3
6605,1116700,1
6606,1116770,1
6607,1116770,2
6608,1116770,3
6609,1116780,1
6610,1116780,2
6611,1116780,3
6612,1116800,1
6613,1116870,1
6614,1116880,1
6615,1116890,1
6616,1116910,1
6617,1116990,1
6618,1116200,1
6619,1116210,1
6620,1116230,1
6621,1116240,1
6622,1116290,1
6623,1116300,1
6624,1116340,1
6625,1116350,1
6626,1116360,1
6627,1116360,2
6628,1116430,1
6629,1116470,1
6630,1116470,2
6631,1116490,1
6632,1116490,2
6633,1116500,1
6634,1116580,1
6635,1115760,1
6636,1115780,1
6637,1115780,2
6638,1115840,1
6639,1115870,1
6640,1115970,1
6641,1115970,2
6642,1115970,3
6643,1116020,1
6644,1116100,1
6645,1116110,1
6646,1116110,2
6647,1116110,3
6648,1115420,1
6649,1115570,1
6650,1115580,1
6651,1115620,1
6652,1115630,1
6653,1115640,1
6654,1115640,2
6655,1115650,1
6656,1115670,1
6657,1115690,1
6658,1115690,2
6659,1114830,1
6660,1114830,2
6661,1114830,3
6662,1114870,1
6663,1114870,3
6664,1114900,1
6665,1114900,2
6666,1114900,3
6667,1114910,1
6668,1115040,1
6669,1115060,1
6670,1114360,1
6671,1114430,1
6672,1114430,2
6673,1114460,1
6674,1114520,1
6675,1114520,2
6676,1114520,3
6677,1114530,1
6678,1114620,1
6679,1114620,2
6680,1114620,3
6681,1114630,1
6682,1114700,1
6683,1114710,1
6684,1114730,1
6685,1113930,1
6686,1113940,1
6687,1113940,2
6688,1113940,3
6689,1113960,1
6690,1113970,1
6691,1114000,1
6692,1114020,1
6693,1114110,1
6694,1114130,1
6695,1114210,1
6696,1114210,2
6697,1114230,1
6698,1114230,2
6699,1114270,1
6700,1113490,1
6701,1113620,1
6702,1113650,1
6703,1113650,3
6704,1113690,1
6705,1113690,2
6706,1113740,1
6707,1113750,1
6708,1113760,1
6709,1113770,1
6710,1113770,2
6711,1113780,1
6712,1113780,2
6713,1113780,3
6714,1113000,1
6715,1113060,1
6716,1113110,1
6717,1113110,2
